; '; 'A'; 'B'; 'C'; 'D'; 'E'; 'F'; 'G'; 'H'; 'I'; 'J'; 'K'; 'L'; 'M'; 'N'; 'O'; 'P'; 'Q'; 'R'; 'S'; 'T'; 'U'; 'V'; 'W'; 'X'; 'Y'; 'Z'; 'a'; 'b'; 'c'; 'd'; 'e'; 'f'; 'g'; 'h'; 'i'; 'j'; 'k'; 'l'; 'm'; 'n'; 'o'; 'p'; 'q'; 'r'; 's'; 't'; 'u'; 'v'; 'w'; 'x'; 'y'; 'z'
space;1,00E+08;0.011556059902548642;0.008995506883314094;0.01029442074234821;0.006556533212940941;0.0035702417110664466;0.005608778330075829;0.0053040069839577885;0.008085919927122242;0.0262674019852059;0.004016966029802577;0.0022196310362831958;0.005663245155754447;0.009402738488019386;0.005259827332836123;0.00452257313207592;0.0063789213806146996;0.00035944893342172745;0.00587271210226973;0.013175351504223783;0.016881915841638614;0.001992319605512047;0.0013648220300736364;0.009047665367384812;0.00014305696208273915;0.002978633829496977;0.00030115828968828073;0.0966671742341866;0.03938259609987419;0.03692563743749513;0.025928487255826634;0.016981445510010615;0.03753270117156968;0.019369816317831422;0.03786661783955444;0.05093825455170842;0.004713432837977944;0.0051213870539691874;0.02371158608440148;0.03502183771451218;0.01760853159846675;0.051401629038825024;0.03048863617477205;0.0015102375151035796;0.020102483944179402;0.05832368312724326;0.1285092111662071;0.010052647049590163;0.004719223764533419;0.05447229544460225;0.00017370772412852878;0.016467919792395383;0.00018895281500854006
A;0.1342812781669146;0.009171926701522067;0.006592591757403235;0.011917071297487055;0.008067634420226654;0.0009504209243821767;0.003227319063533616;0.004466248782128107;0.0057907362810752155;0.006607183006765697;0.0010028167743655625;0.004508032814393339;0.020127302018301405;0.014879758156674203;0.026967945014866494;0.001962523039251124;0.009690579292496847;0.0002984573733230841;0.018105087504385664;0.01661346387637763;0.023579458969738412;0.00292289254274407;0.003917087215213632;0.003621282796320087;0.0010472537610603328;0.012461590194149838;0.00282406999024376;0.0022119007556277454;0.01429080227331665;0.021715095244380214;0.023944240203799958;0.00092654433451633;0.03062902212762966;0.01012898001197809;0.005100304890787815;0.00859822530613436;0.00019432891196369698;0.0018782917361132758;0.08586353335062176;0.056013816586669034;0.1533168894374609;0.00028386612396062217;0.02860415465928438;0.0009026677446504832;0.05085050402817968;0.05805194882716201;0.03596212376960948;0.026243688455602477;0.014022190637325875;0.011624583071630433;0.0005438556580553977;0.001343721418561263;0.0011527086996344891
B;0.033101640441448164;0.017561716990734607;0.006485674646609412;0.010463528537665615;0.0017847556767082412;0.014006149041042408;0.0015198310059468616;0.0010686622997254146;0.0007300367807071098;0.01267057015573786;0.0011204520849870377;0.00044519296176818296;0.005803443821528416;0.0023693826757192555;0.001917218012088931;0.010777255121461986;0.0021323448124064425;0.0023365160812263024;0.006541448261506545;0.005883120414238606;0.0031412496675992147;0.006793425485952518;0.0008077214585995445;0.0009252444328470737;0.00017230063173578444;0.0024151967165276142;0.00011851893165640665;0.1270532906930768;0.00027986403189454007;0.00034958105051595574;0.000556740191562448;0.15313841118898391;8,37E+10;4,98E+11;0.0009103050717139133;0.06065081832840501;0.0003874274320532957;0.00013345829278956715;0.057625099720235565;0.000366512326466871;0.00010158765570549141;0.10415125007594175;6,08E+11;9,96E+09;0.13224720858037226;0.0019002867361380157;0.0007459720992491477;0.18921497641074878;2,39E+11;0.0002340499910861812;3,88E+09;0.016551816178132957;4,18E+10
C;0.057897712009519146;0.01959451330554718;0.004302239537754398;0.005192187574677353;0.005132857705549156;0.012720488746277462;0.0017782480219256827;0.0008124895966722536;0.012391702388192037;0.006075543403919397;0.0007679921948261058;0.010605214106665217;0.00653452586370281;0.0021671882750994185;0.0019463493177889076;0.014478960145160414;0.002961549300649168;0.00010217921905411708;0.004813135633024983;0.005332271987896707;0.0066787304067227335;0.0033727382547459775;0.0009426856983702415;0.0009838869963759338;5,93E+10;0.0005661058345982131;5,60E+10;0.17029155686520747;0.00018622986698572951;0.00032054609848428665;0.00014338051705980946;0.034796144217727434;6,18E+10;3,38E+11;0.17671566325025503;0.03845317142871269;3,13E+09;7,17E+10;0.05908430939208309;0.0008990123224842076;0.00012277986805696328;0.25135593471736734;0.0001755175295042495;4,94E+09;0.04316412784268356;0.003829248636649049;0.0008454506350768074;0.027546363820645806;8,57E+10;6,34E+10;1,65E+11;0.002846185666233229;0.0005883545355212871
D;0.12845875132483794;0.024293214364940474;0.0022947425500973602;0.01345542382489956;0.005071356387567475;0.016943136723275246;0.0024303073624017154;0.00178452589287915;0.002576963841167336;0.013507184935052131;0.004731211949422001;0.0008959601685933302;0.003280668457765399;0.00902984890685465;0.004897586946340983;0.015665130265460552;0.0028604175396218976;0.0002415518473786695;0.006461511917379409;0.00823864336595105;0.004747233245421607;0.0036848980799092947;0.005283330457716103;0.001958295334105642;0.0013827610855044244;0.003735426782677282;5,42E+10;0.15770870819057947;0.00030070740183875183;0.0002107416627640433;0.00013556481230435534;0.18560301693327746;9,98E+10;4,07E+11;0.0008084592442877918;0.11110522294249588;0.0010068768332059845;3,94E+10;0.0001959527741490227;0.0005644425821399522;0.00032165832737669764;0.14649626580562472;9,74E+10;1,48E+11;0.05247097680609302;0.004672056394961919;0.0003610953636834192;0.041809420522047766;0.00030440462399250695;0.0027901703187005497;0.00032658795691503786;0.004399694362968623;0.00015158610830396096
E;0.18771274343209096;0.03942085542291384;0.003957362865918703;0.012964283225498658;0.0246728776581203;0.027729682499691773;0.00387427566724381;0.003977464607533596;0.0012945521599991422;0.003768406494738704;0.00044491854774297645;0.0022487148286527547;0.019694346318165006;0.009013620940118252;0.029201129985901977;0.011642928743346324;0.009262882536142932;0.0005105842370182953;0.06323873900434733;0.04615493886390317;0.021625453629302443;0.0033516303852565788;0.016256948502018215;0.010238487062519097;0.0065330660248403925;0.0066268741523765615;0.001057351608943399;0.05893964653097544;0.0016912265278663744;0.007086533977303793;0.030941940809751756;0.0007920086196268045;0.0025515810689838167;0.005966196911300395;0.0013535172687361634;0.007692266457965918;8,31E+10;0.0005172848175565931;0.04339563979823212;0.024557627672861577;0.058686364586627786;0.00030018600811574313;0.004510830818382105;0.0022875781957748817;0.015265262582350135;0.016566515322887575;0.006018461439499118;0.021189915894313082;0.07632899314396599;0.001496909692255737;0.041138884272933406;0.0036209937228961517;0.0005454272558174441
F;0.052843603362676274;0.014782899379712514;0.009621575109262218;0.006453589867399621;0.0028569129245131176;0.008511929081702138;0.014741113546038702;0.0016698857234830194;0.0007614307469449913;0.01174027163887135;0.00025690549592046456;0.0010616697000086666;0.01891350641954215;0.0028801272765541235;0.0006407161163317609;0.022231611137936584;0.001369646770419344;5,26E+10;0.015589211207270116;0.0029869132959427502;0.005887159677599079;0.009926456932734093;0.00013464324183783382;0.0014980995183795764;0.0007536926295979893;0.002126434646956134;7,12E+10;0.12047320135200386;0.0002909532122472731;0.0003172628112270797;0.00017023858163404276;0.07739045921083584;9,29E+10;2,63E+10;5,73E+10;0.12076570218772054;7,43E+10;0.00017178620510344315;0.05323515210043457;0.00030023895306367543;0.00012071463061323032;0.18725315405663065;3,56E+10;3,10E+10;0.18457112258415975;0.0015538139632779904;0.0008991692357216258;0.04130142752788817;1,39E+11;0.00014238135918483576;5,73E+10;0.0003172628112270797;1,55E+10
G;0.07277344400974503;0.012482839072159222;0.003250458286049852;0.0018474284399228652;0.0016426876592097641;0.020669296025013294;0.001164959170879195;0.003756755255410156;0.014431844333521144;0.00888955901375255;0.00018886940236324823;0.00044757286946584874;0.003790085149944847;0.007703967051018546;0.0020775634259957306;0.03058097180449636;0.0034805932721227173;0.00021108933205304215;0.011146469015101617;0.004742367850936014;0.0055930737304881245;0.003931340417258537;0.00018728226452826297;0.0011967019275789005;6,35E+10;0.0008570544308920508;0.0001460166808186457;0.09521398585860189;0.00013331957813876347;0.00010475109710902843;0.00031901470483204115;0.10602556879052161;0.0001682366105084396;7,62E+10;0.004150365438486505;0.06514724671264076;4,76E+10;1,90E+11;0.03429487433836192;0.0009379984604763001;0.0010237039035655051;0.25553236570829996;5,40E+11;6,35E+09;0.1681842349598851;0.0014633410838564276;0.0003142532913270853;0.04483505670049916;3,49E+11;0.0018331441994079976;2,22E+10;0.0027647941085443563;3,97E+11
H;0.031588003285211386;0.03405402043030365;0.002082250475227545;0.001431744883726079;0.0035329728316392424;0.0390155752335547;0.000650505591501466;0.0007696419478056243;0.00386402429959947;0.02153837719413849;0.0001718515582086531;0.00027833626605573263;0.003068024750841598;0.0013642694252883258;0.0007200896580153992;0.018726548324552738;0.0021897894871127145;0.0005629983563400046;0.0037954945371236268;0.004243573753311833;0.007829261786855569;0.0047538569077473425;0.0003089110831603396;0.000549292403844836;0.000416450095045509;0.0021391828932843995;3,37E+10;0.19758922838650364;0.00011913635630415828;2,64E+11;6,96E+10;0.275209200278758;2,64E+11;5,38E+10;0.00010648470784707953;0.08925105404046207;6,22E+10;1,16E+10;0.00014760256533258547;0.0037153674302287947;3,69E+10;0.19868359597804094;4,11E+11;7,38E+09;0.0003647891971791041;0.0004965772019403412;0.00034897463660775566;0.03938563595092426;6,64E+10;0.0004522964323405655;1,58E+11;0.003809200489618795;0.0002245667601131479
I;0.5462310478039186;0.002877937357500485;0.0009625627851078582;0.005419117040182121;0.0041372090763680735;0.0031924070372951288;0.002306807485005229;0.004009053104978894;0.0003656624183658651;0.003499911718644709;0.0001145742244213044;0.0011070865028429383;0.005117184357588592;0.0038523406399649522;0.018243072177234136;0.003335189505418943;0.004600033223042583;0.00019641295615080754;0.0035935909477308207;0.008161585177926109;0.0092526521843454;0.0005690403729617367;0.002662022405703498;0.0003618316692210798;0.00046909264527506694;0.00030959418088309914;0.00038899516315682984;0.0007330660863429962;0.0003294444264515318;0.0015124494123456686;0.011949499582274219;7,77E+10;0.0335552730087853;0.000627198109978022;7,63E+10;4,14E+10;2,47E+11;0.0004015321603579452;0.018640773588447297;0.08057667401125752;0.07255752305153298;0.0012617094683233612;0.0002211387006307851;2,23E+11;0.006663762262315075;0.016757438008901965;0.09515441575677669;2,16E+09;0.022937829379129592;0.00015462296548042294;1,92E+10;3,27E+11;0.0003137731799501376
J;0.04180374548757701;0.004993669664751093;0.001753196936964922;0.003179287331328335;0.0018261487558184958;0.003991170476634239;0.00178378963519384;0.0004071182148925255;0.0005412554302039357;0.0012025283688443962;0.0021297224536285294;0.001628472859570102;0.001193115230927806;0.0012684203342605274;0.00044241748207973867;0.005979695861513915;0.0033063646932023024;7,53E+10;0.00204265092790007;0.0020355910744626277;0.0012354743515524617;0.00851653653003497;0.0011484028258240025;0.0010542714466581008;9,41E+10;0.00020002918072754142;0.00012001750843652486;0.20574766201186998;0.0001270773618739675;0.00046124375791291907;9,88E+10;0.16674667833895768;2,35E+11;6,59E+09;0.00044006419760059116;0.03226117692463371;5,65E+10;0.0005742014129120012;9,88E+10;6,35E+10;0.00036240580978872213;0.23626976170641364;0.0001317839308322626;1,18E+11;0.010994545086577335;0.0036075851065331885;6,35E+10;0.24753493450809294;4,94E+10;9,41E+10;3,06E+09;9,88E+10;3,29E+10
K;0.13966637136964233;0.007706226206641789;0.0018812358693532996;0.01069910145334022;0.0023874593396520055;0.03980353056666245;0.002551639924613748;0.0027637065135226657;0.0009679813655036068;0.02363174294793081;0.0016041811322303591;0.0027534452269625566;0.0037385287367330115;0.0020317347389015635;0.008999148313215511;0.005089598133814018;0.0018059864345791674;0.0002120665889089174;0.0029415688138978865;0.014649696778982148;0.0026508323613614673;0.0035504051497976816;0.00047543961061837935;0.0010808555176648048;0.0003180998833633761;0.005195631428268476;0.00039676974699087773;0.14897677870851447;0.00028731602368304936;0.00025311173514935305;0.00024285044858924411;0.17992139854494957;0.0001641805849617425;0.00018470315808196032;0.009645609366502371;0.15920386098008968;0.0001641805849617425;0.00011971500986793724;0.01454366348452769;0.0008482663556356696;0.04779365236813392;0.06518311265866514;0.000290736452536419;3,08E+10;0.03396827894281385;0.003499098716997137;0.00042755360667120443;0.026289416166999018;0.0004378148932313133;0.0027226613672822297;4,45E+10;0.015149079391574116;5,47E+11
L;0.0868805506875212;0.034957000104453184;0.004270974780358159;0.005757820771225597;0.007952627255576317;0.032073576309501244;0.0022554151240478317;0.0017241223675540029;0.0007492259502983364;0.02093190296943648;0.0003288341089949669;0.0022231764859110704;0.04117776771932268;0.005060176641946079;0.0008872073215236754;0.04942441135470626;0.004029829767095183;7,48E+10;0.001752492369114353;0.009034555951446033;0.00393827203478678;0.0063884085331806515;0.0017034896391464756;0.0018105219177605237;0.00020116910197339152;0.01257306887333697;0.00046552593469483547;0.14394938791721634;0.0002488822864157985;0.0001611931906838073;0.0001392709167508095;0.12934270575021245;4,38E+10;6,58E+10;0.0002050377385498029;0.13579043337756475;0.00010574273308857759;9,67E+10;0.0017344387317577666;0.004131703863607349;0.0006035073059201746;0.1990091132182285;7,09E+10;5,16E+10;0.0001083218241395185;0.002112275570720611;0.002312155127168532;0.0322631395017454;0.00012895455254704585;6,83E+09;2,45E+10;0.008612874564617193;3,87E+11
M;0.046411821962658174;0.019911585995339647;0.00403909683508834;0.0038547473674896025;0.0023292555231100493;0.022883299413031296;0.0028896779046102116;0.005795947261304309;0.001456360794030027;0.010828687726749844;0.0008000766893785211;0.0011936628027018259;0.004420700233017727;0.0045460578709848685;0.0020656357844438546;0.011073872518656167;0.005439231041500752;8,48E+10;0.00175961566822995;0.0061388372710379615;0.00504380143350146;0.004877886912662596;0.0022481417573666047;0.0014001342064124118;0.0003244550629737781;0.006539797363065216;0.00039174261864731734;0.2831322080641831;0.00034749874642362035;0.026230163997286376;0.0005180220039524525;0.10127975400407044;0.0001585405421349143;0.00017513199421880069;0.00014840132141698376;0.12510507919653127;3,78E+09;0.00019633218299265552;0.0003060201162139044;0.0004359864908710144;0.00014287083738902161;0.1435603043978409;0.0002497935285962894;2,77E+10;0.0195825221956759;0.005364569507123263;0.0012793853051352388;0.041068452644308764;4,24E+10;0.00025163702327227677;4,15E+11;0.07154787186974604;4,61E+11
N;0.08412885344391163;0.020130497078654098;0.013929267306842704;0.01842912026598952;0.029044261311067274;0.03589676792119147;0.013950752728312817;0.041321836842395036;0.00419234286435582;0.015019652446450944;0.005187386446190433;0.007095560440504854;0.00512024450409633;0.0018155181142245577;0.007914692134052916;0.03258935585363594;0.0032832409684016594;0.00010608426850868346;0.001902802638946892;0.011740439994574931;0.027118630411808387;0.0024721663079048896;0.0014583229822839271;0.0024385953368578376;0.0003236241608935787;0.02415498508777466;0.000659333871364096;0.07450472746414284;0.00018531176017972555;0.0003840519087782718;0.0005398212144365919;0.17468184790738708;0.00014771227260702762;0.0008916449910096939;0.00016382633870961244;0.059290363385619;7,79E+10;0.00017188337176090486;4,70E+10;7,12E+10;0.00016382633870961244;0.26176494680343926;0.0002309682808037159;9,40E+09;9,80E+10;0.001336124647672659;0.0002967673840559373;0.011633012887224365;0.00012354117345315038;0.0002000829874404283;6,04E+11;0.0014274376889206397;7,39E+10
O;0.08653091934623244;0.0042699881382109554;0.005823409055138765;0.008602676132212243;0.014751100766345789;0.002984001300062316;0.011410094164946686;0.003310296467950777;0.0062533509234153255;0.0045668527615447705;0.0010262302927315512;0.014509258465440223;0.03364295119264083;0.026802268967026272;0.05381950886819083;0.02336401360970747;0.016813798062958334;9,60E+10;0.03572868108933962;0.014472150387523497;0.02913240034241799;0.044253302299037366;0.016702473829208152;0.025993568786220365;0.0021113216745723934;0.0027984609104786816;0.0004209847460207984;0.008364672597987718;0.03425075591713894;0.020963504845163346;0.0035815693134109874;0.0004197051571271182;0.0415252187777111;0.0009404978368549753;0.055568706885851714;0.0022303234416846556;0.00024184230090556507;0.01658347206209589;0.022740853818485198;0.007046696037497073;0.11643875055822066;0.004437614283283067;0.01803708504531664;6,65E+09;0.06847208128972324;0.013641697195525021;0.014693519266130177;0.03677538480437005;0.013394736539044735;0.004711446306530638;0.001952652651756044;0.0008419694920415968;0.0018886732070720318
P;0.07214564617651689;0.02008712550356528;0.002580731740677752;0.0052905000683893914;0.006729258013817237;0.014462420674758121;0.0012206861133405766;0.004393695788503872;0.0037291573652793513;0.008489317060959465;0.0007664773269812923;0.0009587418416617848;0.011902334788005791;0.008832554382469606;0.005009200308655516;0.010329378792062702;0.009064820239130604;9,03E+09;0.012366866501327787;0.012421061867882019;0.004369178836967433;0.0034788263864336095;0.0008490607426829803;0.0005922779344855441;0.0006387311058177436;0.003702059682002235;5,29E+10;0.19684015205671415;0.00010839073310846557;0.00021549110034659228;0.00021807183208727004;0.11173536144438394;0.0010426156232338118;0.00026581536928980845;0.04696931768033508;0.05161979627703639;2,97E+11;0.00015097280682964848;0.06889134345152224;8,39E+10;0.0001225847576821932;0.10684745552754028;0.0006748613501872321;9,03E+09;0.1418525008580933;0.006926683991979086;0.0004903390307287728;0.03834838330060105;0.00017936085597710375;0.00011355219658982108;6,45E+10;0.0016284417283676613;1,81E+11
Q;0.25352708175708755;0.01608883350393876;0.04050024478169923;0.003938760069428991;0.0005785749254528462;0.003538208197961636;0.0016244603676176064;0.0005563220437046597;0.0007565979794383373;0.001757977658106725;0.0004228047532155414;0.000689839334193778;0.007254439449908764;0.0012684142596466243;0.000689839334193778;0.0022475410565668255;0.0037384841336953138;0.0013351729048911834;0.011104187992345008;0.0020250122390849615;0.0065200943522186125;0.042881303128755176;0.00320441497173884;0.0022475410565668255;0.00037829898971916866;0.000400551871467355;0.00015577017223730472;0.05060305309537585;0.0007343450976901509;0.0007120922159419645;0.002114023766077707;0.0006453335706974053;0.0002892874627264231;0.00015577017223730472;0.00033379322622279585;0.00529618585606836;4,45E+10;0.00011126440874093195;0.0005118162802082869;0.00017802305398549113;0.0011571498509056924;0.003538208197961636;0.0008678623881792692;4,45E+10;0.0004450576349637278;0.010503360185143976;0.0017357247763585383;0.5056967377275358;0.00015577017223730472;0.0044060705861409056;6,68E+10;0.00011126440874093195;0.00011126440874093195
R;0.07486198885919117;0.02237529038543202;0.006791896685234681;0.005404291459545875;0.008830215072565133;0.055636599805160745;0.0026852846401718583;0.0036469912322334075;0.0015849424225014364;0.027680913246571577;0.0004883471136312542;0.005831439062773212;0.005353083705942598;0.004332675542677291;0.005055828941123573;0.018710813578797492;0.003046236854594959;0.00016736192641071115;0.0066382734244248495;0.017364424349911322;0.12694027427372417;0.0053905527939449955;0.0024517273249569107;0.0010378937376664251;0.0002597856768166263;0.010583768391077362;0.0001910923488122299;0.0836172657557515;6,49E+10;0.00010491344640671447;0.001438812979292084;0.2039579846626533;2,50E+10;6,12E+10;0.00396922538905403;0.07367546773911524;2,62E+11;3,87E+11;5,12E+11;0.00029225888641870454;0.0002935078560187845;0.1542627332450728;7,49E+10;3,75E+09;0.00014862738240951215;0.002099517897734369;0.0006332275872405266;0.040320485599380514;5,62E+10;0.0003259810656208628;0.00011615417280743386;0.010904753578297904;9,49E+10
S;0.09456736330781101;0.013409743397927665;0.00241021156852011;0.005730135571304363;0.0036134595329688703;0.013215291591012115;0.0027210867502768152;0.0008948498757737819;0.008737945845791047;0.006281908055258993;0.0004372069289247682;0.001150609736462067;0.0026603979697745104;0.0033942367952360547;0.002321036217577948;0.01295953173032383;0.006986641037010247;0.0003715639622590098;0.0008112479842655048;0.007813370853036544;0.020779714589335124;0.007861054894859784;0.0009846444999863759;0.0029477407672548112;0.0008601705726296077;0.0007598483028196751;3,72E+10;0.09136757831949051;0.00023594311603447122;0.04066643712270776;7,62E+08;0.08076561992970009;6,13E+10;0.0007771879543917622;0.0890279639037996;0.03659038045672642;4,52E+10;0.006496176606828355;0.007631923784800061;0.014387575891939291;0.004965952355591666;0.13251395222678283;0.040930866809182086;0.0034121957200785734;0.001304808780799556;0.0004483538477925385;0.14235544304048314;0.06307112477365562;0.0004000505326988672;0.0106818446416761;4,27E+11;0.006763702659654842;0.00026133332012217024
T;0.09740419690826811;0.0069754219704244854;0.0011449407867770603;0.0027771425157453846;0.0013853881461900358;0.011986619177905092;0.0017771557379016047;0.0007051816650808241;0.023081967084666363;0.009420051742704676;0.0004133148092557052;0.0002497518397161252;0.0026532460148666007;0.0016948845436421751;0.0010014559063126981;0.013965535225538154;0.000693428637329477;6,17E+10;0.004898074315373891;0.006598835372891739;0.004503368466724485;0.0027732248398282685;0.008874515371246316;0.0028932036647899366;0.0008085103673947504;0.0027350274996363905;0.00016650122647741681;0.028259665518624386;0.00027276818572917987;0.0001576864556639065;0.00010430812129320523;0.034880537818549905;7,93E+10;2,94E+10;0.543372345223643;0.027589742936797605;3,53E+09;6,22E+10;6,12E+10;0.00014446429944364104;8,33E+10;0.06543351287715589;5,97E+10;3,43E+09;0.03721155498923374;0.0026385547301774168;6,56E+09;0.023318007058672582;0.00010039044537608954;0.02049336272243217;0.0002306531696201862;0.0035077890742874606;0.00016258355056030112
U;0.13090859344151182;0.007489996237901433;0.007278572516781758;0.03292302621965059;0.008198887538126226;0.010757736398148176;0.005319793924055355;0.014121860901846537;0.0036377316722061752;0.008279726019730808;0.0003762098566982455;0.02087187411582911;0.01947274654959596;0.016363574180188977;0.03779509932251134;0.0031371549207316503;0.02138488755678126;0.00018344116979501226;0.04478451880893825;0.19274381352427797;0.03849777227799732;0.004505190763270725;0.006289855703310336;0.0033454694694819184;0.001476856875468319;0.003668823395900245;0.001246778120132202;0.00013991275662331444;0.0018157566637336808;0.0006435986804672465;0.0011193020529865155;0.0006435986804672465;0.0002922622027242568;0.01475924123757497;0.005839025709746323;0.0002767163408772219;0.0001523494461009424;0.0020644904532862397;0.008304599398686064;0.010922522533726747;0.20168890243106188;0.0005969610949261416;0.04074259472870916;3,73E+10;0.01443899648352605;0.03798475883704517;0.010869666603446829;0.00032957227115714067;0.00031713558167951274;0.0002736071685078149;3,73E+10;0.00018344116979501226;0.00046637585541104814
V;0.12842770593836683;0.021174608870058835;0.0015180579898152109;0.006592051816379386;0.01504717480207744;0.15157579019518547;0.0018722715207720934;0.0013524516636535516;0.002304688039083093;0.037689239728957644;0.00041401581540414844;0.0001978075562486487;0.0011960456889453176;0.0029027108835557518;0.0009936379569699563;0.010557403292805785;0.014260544752809558;0.00012420474462124454;0.004632376956799749;0.005018791717843621;0.0017572671276042744;0.001669863788796732;0.0007774296978144566;0.0013892530694672536;0.0002898110707829039;0.0010442398899637966;0.00018860720479522318;0.14800605383125637;0.0002576098406959146;0.0003496133552301698;0.000460017572671276;0.1429412603561456;0.00011040421744110625;9,20E+09;0.00013800527180138282;0.21238551312660145;5,06E+10;3,22E+10;0.002824507896201635;0.0002806107193294784;0.0002898110707829039;0.060529112212086504;0.0005152196813918292;4,60E+08;0.0015410588684487748;0.009319956022320053;0.0004508172212178505;0.003394929686314017;7,82E+10;0.00010580404171439349;5,06E+10;0.0007912302249945948;3,22E+10
W;0.03678417776184346;0.015937943060150252;0.001117326401903427;0.00125890194416831;0.0008026009158613496;0.013323378909114614;0.0008810276551016084;0.0006050062741391392;0.00955889542558219;0.013042264882746932;0.00023935433404494565;0.0006060248032201816;0.0008076935612665613;0.0011254746345517657;0.003135032511448267;0.009611858937796392;0.0013617733813535845;5,81E+10;0.0025870638658474976;0.0030158646089663154;0.003170681029284748;0.00040639310333588646;0.0008280641428874077;0.0037166126167234325;0.00017416847285823704;0.0002882437299349771;6,31E+10;0.11594425794045271;0.00016398318204781384;5,70E+10;4,58E+10;0.28121791633394716;4,18E+09;1,83E+11;0.2594050975343448;0.11727038280396981;5,09E+08;0.00011000114075257076;0.00010388996626631683;0.00010083437902318987;4,89E+10;0.0842221697113896;3,16E+10;4,07E+09;0.010927798510503071;0.0006610253735964669;0.0010042696739077294;0.0013546436777862882;1,63E+11;4,48E+10;1,94E+11;0.0026624350178446293;1,12E+10
X;0.38337625007485476;0.02122881609677226;0.007695071561171328;0.031379124498472966;0.036828552607940594;0.009940715012875023;0.009461644409844901;0.001197676507575304;0.0030840170070064077;0.03254685909335888;0.000898257380681478;0.000898257380681478;0.02200730582669621;0.021707886699802382;0.002095933888256782;0.039613150488053174;0.02455236840529373;0.0010180250314390084;0.004760764117611833;0.03811605485358405;0.05153003173842745;0.0030840170070064077;0.008293909814958979;0.0014372118090903647;0.02548056769866459;0.014731421043176238;0.0008683154679920953;0.03344511647404036;0.017096832145637463;0.005958440625187137;0.00047907060303012156;0.012964848194502665;0.004281693514581711;0.00026947721420444336;0.0019761662374992513;0.01763578657404635;0.00017965147613629558;5,99E+11;0.0012276184202646865;0.020929396969878437;0.0005688963410982694;0.02973231930055692;0.00679681418048985;0.0002095933888256782;0.012515719504161926;0.008383735553027127;0.007126175220073058;0.00922210910832984;0.000149709563446913;0.00035930295227259117;0.006826756093179232;0.0035331456973471467;0.00023953530151506078
Y;0.16818363183293056;0.009832042219060309;0.0025320394586605035;0.016183471227850927;0.0012070475516508445;0.01934287427884555;0.0016662777012394195;0.0011844624623268162;0.0006750432253515118;0.005721555962087163;0.0003713992466617983;0.0006675148622435024;0.0017942598740755798;0.00279804162181017;0.0021907536644307428;0.05619170223818235;0.0030866288742838646;3,51E+10;0.0020728093090719283;0.011465697013498356;0.005776763958212566;0.0038068422782834327;0.00035132361170710653;0.001721485697364822;0.0002308698019789557;0.0034931604821163732;0.0005872123224247352;0.04469589177225196;0.00037892760976980777;0.00010790653788146843;7,53E+10;0.14112418536837534;5,77E+10;9,28E+10;0.0002308698019789557;0.004798076754171341;1,51E+10;0.00015056726216018852;9,79E+10;7,28E+10;0.00021832253013227333;0.46649000107906535;0.000200756349546918;3,26E+10;0.0005746650505780528;0.0010439330176439737;0.00019573744080824508;0.014712930967419754;0.0011643868273721245;0.00010790653788146843;1,76E+11;0.000100378174773459;7,28E+10
Z;0.13460858079581103;0.018043729509163383;0.0027596292190485176;0.0009198764063495058;0.0017925796636554473;0.025096115291176262;0.000825530108262377;0.0007783569592188127;0.0011321555770455456;0.05788145387645352;0.00047173149043564405;0.0008727032573059415;0.003137014411397033;0.0019576856853079226;0.002665282920961389;0.011934806708021793;0.003703092199919806;0.0004953180649574263;0.002712456070004953;0.0014859541948722787;0.0036087459018326767;0.0038210250725287166;0.0005896643630445551;0.0008962898318277237;0.0006604240866099016;0.01627473642002972;0.02453003750265349;0.16175672807038233;0.0011321555770455456;0.0024058306012217845;0.0019340991107861406;0.13081114229780408;0.0001415194471306932;0.0003773851923485152;0.011180036323324764;0.15022289312923084;9,43E+09;4,72E+09;0.0014151944713069321;0.00047173149043564405;0.0005189046394792085;0.11923013420760903;0.00030662546878316863;7,08E+09;0.0011085690025237635;0.006085336226619808;0.0001651060216524754;0.06955680826473572;0.0016982333655683186;0.004858834351487134;0.00023586574521782203;0.009411043234191098;0.0011085690025237635
a;0.0884605209736761;1,14E+11;2,56E+11;3,89E+10;1,63E+11;3,82E+09;1,42E+11;1,54E+11;2,03E+11;1,39E+11;7,44E+09;5,09E+10;1,96E+11;4,52E+11;1,72E+10;5,86E+09;2,19E+10;3,42E+10;2,01E+10;3,61E+11;2,14E+11;2,69E+09;1,32E+11;1,38E+11;9,90E+08;5,23E+09;5,74E+09;0.0006799682815378186;0.020766828253082414;0.03918815493273208;0.037057380185048124;0.0009906573461456124;0.007439421644186786;0.01856142249534242;0.00495506904825404;0.035132958199816294;0.0009147532521424518;0.017878625138366543;0.08907046963812193;0.032773763901263346;0.17816410940408156;0.0006167950270059298;0.016631596976023896;0.00021147338899501537;0.10181887766786411;0.08080823969352965;0.13059346052988527;0.012701417086716;0.02648470091170068;0.007843951141075044;0.001567958480036219;0.04521790486764213;0.00306482229431398
b;0.023289115956226885;2,55E+10;8,07E+09;2,55E+10;1,72E+11;9,33E+09;8,39E+08;1,30E+11;1,96E+11;1,71E+09;3,01E+10;4,27E+09;1,57E+11;2,29E+10;1,42E+10;1,33E+11;9,33E+09;2,21E+10;1,09E+10;4,21E+10;1,46E+11;3,80E+10;2,69E+10;1,23E+11;1,74E+10;3,01E+10;2,06E+10;0.11234216668312082;0.009572046415905346;0.0012937079311558157;0.0010008556160562175;0.3005001746671831;0.0002773474383412187;0.0001050534506894291;0.0003836665932558216;0.0592599553965831;0.0026597192161746876;0.00011059090667456466;0.10350976617380143;0.0013631634505122305;0.00041594205099775467;0.1339154623490964;0.00026120970947025217;9,84E+10;0.05429570521242314;0.01878748066636796;0.004699243362014191;0.11096270729070948;0.0020312970683758736;0.00046577915486397477;1,33E+11;0.05801545171718092;4,89E+10
c;0.032590382784271024;8,95E+10;8,37E+10;0.0008177070782326618;0.0003757102503215935;3,81E+10;5,60E+10;0.0002809411589241412;3,35E+11;8,89E+10;5,52E+09;0.00021189264060177164;0.00013887383247586583;0.00021966059891303822;0.0001193676260497964;6,73E+09;4,44E+10;4,13E+11;2,48E+11;3,37E+10;4,29E+09;2,59E+10;1,33E+11;1,36E+10;1,29E+10;2,85E+09;5,18E+08;0.13697007851507018;0.0001030549135961366;0.016147686494869348;0.00023726797108524245;0.14309640830322243;6,88E+09;4,64E+11;0.15078409771193924;0.057135922698802764;1,39E+11;0.07904467231989902;0.03575375434056248;0.0002175028327154642;0.0002583277691735652;0.177448305100545;9,63E+10;0.0006668360656982842;0.03926935965094593;0.005340385028347869;0.08127071023996432;0.03292794372821951;3,14E+10;4,07E+10;1,10E+11;0.007505228699049961;0.000136198202390874
d;0.5414883212281796;0.00010781211044452281;6,48E+10;6,07E+10;4,34E+10;4,35E+10;4,98E+10;3,10E+10;3,64E+10;0.00014836643439645558;3,35E+11;8,73E+09;3,21E+11;9,73E+10;3,76E+10;3,79E+10;7,10E+10;2,56E+09;4,07E+11;0.0001008242884712667;8,83E+10;1,68E+10;9,92E+08;5,75E+11;3,37E+10;2,19E+11;2,93E+09;0.057583209361884574;0.0013145840087188053;0.0011942936447506109;0.011710528975627724;0.12342820799052451;0.0009835983340034154;0.006319861062133966;0.0009510300923066327;0.07911474777331805;0.0005224020837685125;0.00039050694402330337;0.007673938743255192;0.0032938221913759794;0.010049486257824177;0.06130959021165863;0.000621978546887412;0.00017656728735995344;0.020645020889844223;0.03125353290552889;0.0009115364199042119;0.01803881285889017;0.003473945780990179;0.0022538845427131867;3,38E+11;0.01392342245551565;9,05E+10
e;0.34530874981234766;7,51E+10;0.00010434383701639024;6,45E+10;4,41E+07;1,82E+10;3,99E+10;3,78E+11;3,71E+11;8,24E+10;1,72E+11;1,76E+10;4,86E+11;7,67E+10;2,64E+11;3,09E+10;5,26E+10;1,96E+08;3,95E+11;8,56E+10;7,72E+10;1,64E+11;2,21E+11;6,22E+10;4,85E+08;1,94E+11;2,18E+09;0.0575389433328034;0.0035614411967687305;0.024403419696892515;0.06454523333259829;0.03486432267936793;0.008372581836873299;0.006663272635250981;0.0017814524303900175;0.010069122495870686;0.00022632867711639315;0.0037121022962480995;0.034160627688459504;0.018532181879126967;0.07901940674038462;0.006101456759754093;0.01011532420591172;0.001313176240457657;0.1255209753163657;0.0775564167848752;0.03338937304818719;0.0010391244130779536;0.016697633110853195;0.010363781171830592;0.010165647285668794;0.013241729792794286;0.0006313976922448051
f;0.3014069091547769;5,55E+10;3,09E+10;2,27E+11;1,84E+11;1,12E+11;1,46E+11;1,39E+11;1,33E+11;5,76E+10;8,11E+09;1,11E+11;2,90E+11;2,59E+11;1,14E+11;1,71E+10;2,51E+11;5,71E+08;1,77E+10;2,91E+10;5,12E+10;6,63E+09;2,06E+10;2,02E+10;1,26E+10;1,73E+11;9,14E+08;0.05953964031878772;0.0003638430095119121;0.0004774296776824023;0.00035961493433856395;0.08829592229574883;0.06022961647815736;0.0007602536250888039;0.0001994051669592609;0.09971103962997714;4,38E+11;0.0001066160577495647;0.01971060082433753;0.0003951536202550855;0.00017197981448348863;0.20641394432904847;0.00032624742215970763;4,11E+10;0.07602970485635571;0.003289099667958972;0.037292080118139274;0.04110294711694982;2,56E+10;0.00034693070881851925;1,75E+11;0.0028596643571091713;7,43E+09
g;0.39499226116123765;4,58E+10;5,31E+10;3,56E+10;5,68E+10;2,06E+11;3,63E+10;2,31E+11;4,85E+11;0.00011224936324417708;9,65E+09;2,23E+11;2,66E+10;4,11E+10;1,91E+11;3,48E+11;3,38E+10;1,44E+10;2,66E+10;7,98E+10;7,46E+10;9,86E+09;4,31E+09;3,44E+10;1,85E+10;1,36E+11;2,57E+10;0.05507387148053829;0.0004943901506472722;0.00031435983613030746;0.000605201736137178;0.13509565175954727;0.000597807450543783;0.013841075646725272;0.10540297367357043;0.0478471896939269;5,58E+10;9,96E+10;0.01769688748844771;0.0013462734700529892;0.016798276392028178;0.08438471687434511;0.0002812909477820686;2,86E+11;0.058085502383681466;0.026758070991098205;0.004691982304242194;0.02798161985998304;4,17E+10;0.0005329020547795378;8,01E+09;0.006006419266879177;6,93E+10
h;0.11370234496613288;3,04E+11;2,33E+11;3,36E+10;5,86E+11;1,04E+11;1,48E+11;8,98E+09;1,16E+11;4,73E+10;5,46E+09;7,01E+10;1,69E+11;2,79E+10;9,64E+09;1,45E+11;1,93E+11;1,46E+10;1,26E+11;3,08E+10;2,72E+11;5,55E+09;3,67E+10;1,54E+11;6,59E+08;9,22E+09;7,06E+07;0.18191064697760437;0.001180246795809402;0.00034244138031534993;0.001495170565206554;0.41086093290910114;0.00034121837538565226;0.00010851816818509784;0.0009276962778268313;0.120436116031746;2,67E+10;9,31E+09;0.0023897045939781213;0.0015193954705447965;0.003293458198373563;0.09361778170142847;0.0002311479317128612;0.00014878325356283679;0.014245843653025411;0.0032219594486373915;0.03047615392043873;0.01039902276261479;0.00017211442452937713;0.0009199349003883652;0.0002618171322575876;0.0072158702011697285;1,49E+11
i;0.009597210067790851;1,68E+11;2,17E+11;6,17E+10;1,87E+11;6,80E+09;4,62E+11;1,61E+11;1,07E+11;1,03E+11;4,94E+09;6,97E+09;2,57E+11;5,34E+09;2,09E+10;2,78E+11;0.00041598862111750297;3,62E+10;1,25E+11;4,69E+10;7,26E+10;3,55E+10;1,31E+11;1,40E+11;1,42E+10;2,06E+10;2,88E+10;0.022208358190632892;0.006781961225624154;0.06185440174938543;0.04382450612855727;0.03837263248285079;0.01957227477459416;0.034357296734455485;0.00020000884491829836;0.00037054590774831424;0.0002499518418899459;0.012765375887202998;0.058236715120509645;0.03221587231078025;0.28649908490285797;0.053292764460942325;0.009472521758955809;0.0008103555789119146;0.03369565353473761;0.11448342513404332;0.12487721923618818;0.0012050270671756656;0.02539222424757542;0.0001029989720743191;0.0026987151825661857;0.00010066423847605102;0.0058248219604906904
j;0.0058403067027198025;1,51E+11;6,03E+10;2,11E+11;9,04E+08;4,52E+09;6,03E+10;1,05E+11;1,05E+11;1,81E+09;7,53E+10;1,21E+11;1,36E+11;2,56E+11;7,53E+10;1,66E+10;2,86E+11;7,83E+10;7,53E+10;2,71E+11;1,05E+11;1,36E+11;7,53E+10;1,05E+11;6,03E+10;1,05E+11;3,01E+10;0.05786226999179013;0.00037208041154805036;0.0006869176828579391;0.0005182010589980944;0.12397056497473016;0.0002591005294990472;0.0001762486159964449;0.00038714439582125074;0.012494068556192428;0.0005272394495620147;0.002453923038104348;0.0003178500681645288;0.0003103180760279286;0.0005106690668614942;0.2692009309542281;0.0004745155046058132;6,48E+09;0.0010409213132781489;0.0019583179555160545;0.0002832029043361679;0.5193173002327386;0.00013256306160416368;0.00023198535780728644;2,86E+11;0.00013406946003148373;5,87E+11
k;0.3268758453042646;0.00011727543551423706;0.00019366173450818455;9,08E+10;7,57E+10;4,04E+11;9,41E+09;6,31E+10;5,46E+10;0.00018332711758547402;2,49E+09;2,94E+11;6,63E+10;6,78E+09;5,48E+11;9,55E+10;9,86E+10;1,57E+10;6,63E+10;0.00014490930250322394;0.00013502401675106603;7,93E+10;1,28E+11;8,83E+10;4,72E+08;5,12E+11;1,06E+11;0.015511810669817976;0.001787664062043648;0.0008615925195346727;0.0012042075370810549;0.30595902998386904;0.004097900275440007;0.0016800492466962926;0.001723634370239898;0.1407323199417667;0.00019725638387260561;0.0012549819593535023;0.013971728082748828;0.001403261245635871;0.059954482752423016;0.007024618854834579;0.001308677034234542;1,44E+11;0.0023607859700835307;0.08921582724115154;0.0024746914218186228;0.002975021680228979;0.00017231850390693452;0.0030484873266143344;2,67E+10;0.012148342192646246;6,92E+09
l;0.1700848560857241;0.00011715433268609147;4,88E+10;4,64E+11;2,86E+11;1,49E+10;2,84E+10;2,31E+11;2,87E+10;5,80E+10;1,89E+11;1,19E+11;2,08E+11;0.00011269234695443355;2,65E+11;2,34E+11;4,14E+10;6,12E+09;2,49E+11;0.00014566750980058842;5,29E+10;9,69E+09;6,20E+09;3,24E+08;1,47E+10;9,47E+09;5,44E+09;0.08789584071102723;0.0023042891436404625;0.002509975802977864;0.05225246481180106;0.15002730517609933;0.009171448428042427;0.0007339966528577277;0.00030602692383956267;0.11419434929773786;4,24E+09;0.00827774533466743;0.15128863236219484;0.006189046282110245;0.0008195361842012186;0.08432603446786031;0.006044521475972642;1,35E+11;0.0029243419169604867;0.02954694302827789;0.0170545256832987;0.018609636539701768;0.004357020238043674;0.0043904307165709665;1,02E+11;0.07534057466458383;0.0002854038434456803
m;0.16467933494574594;4,44E+10;4,91E+10;4,73E+09;2,82E+10;2,63E+10;4,01E+10;2,10E+10;3,20E+10;7,62E+10;1,13E+10;1,01E+11;3,13E+11;3,43E+10;2,36E+10;1,81E+11;2,82E+10;2,90E+09;1,90E+11;5,83E+09;7,55E+10;1,11E+11;8,14E+09;4,57E+10;2,71E+09;1,04E+11;4,58E+09;0.1417242014998823;0.024776182585289307;0.0004988009789705769;0.00030116991417312164;0.2742395249222313;0.0019995998742568842;0.0010519434859332605;0.0006738910657196713;0.08778616636794415;5,28E+10;0.00014254128857137807;0.0010656925472324684;0.02725073302605896;0.003782020698603834;0.10333382935955844;0.0541976772691259;2,15E+11;0.0004412793959840956;0.022530596104114627;0.0005776476366252171;0.02978215033261037;6,94E+10;0.00038600255769952576;1,70E+11;0.057814615701109996;4,39E+10
n;0.2483780352303884;0.00010941217849139757;5,73E+10;6,86E+10;5,43E+11;2,52E+10;4,39E+11;3,27E+11;3,21E+10;7,07E+10;2,00E+10;1,53E+11;4,24E+11;6,48E+10;2,44E+11;2,36E+11;4,72E+10;3,16E+09;3,12E+10;8,31E+10;9,02E+09;1,61E+11;9,43E+09;4,63E+10;2,20E+10;1,40E+11;3,53E+09;0.02956373684056264;0.000834363617469711;0.03183811127601578;0.14198669867652897;0.08320844468839678;0.0053597645623113185;0.14535316319434266;0.000848019323156613;0.03733433297539841;0.002096050903141745;0.016573563619601335;0.006983261435487781;0.0019768798910740977;0.014133488852947367;0.04809003306679172;0.0006670312629063072;0.0002482007775092526;0.0008501176389085028;0.04369942392905961;0.11122099328272507;0.007569291049051295;0.004713083631538419;0.0007685164707794544;0.00023990743429940235;0.013993467909757768;0.0004410459870876976
o;0.14073489783548448;2,65E+10;3,50E+10;4,70E+10;3,62E+10;1,21E+11;1,80E+11;1,98E+11;3,94E+11;3,18E+11;8,31E+09;8,83E+09;3,42E+10;3,96E+10;1,56E+11;2,47E+10;3,19E+10;1,86E+09;2,15E+11;4,70E+11;4,60E+10;5,66E+09;8,08E+09;2,56E+11;2,63E+09;9,77E+09;2,74E+10;0.006993871900030906;0.008002920373547311;0.012159653942589981;0.021551551277063586;0.005604466480544268;0.06709061213017599;0.008015916949877775;0.0023743745219116565;0.012184847305938265;0.0010854569167779232;0.01321334779809433;0.03590348485341861;0.05870599230716937;0.14759629034865673;0.03961367891086977;0.023052641561280143;5,13E+10;0.12283055720750134;0.027105174008446916;0.04548119038356182;0.12630981210092657;0.021693513880057882;0.0450695559626864;0.0014096857913429661;0.00491681905509463;0.0006487148242662932
p;0.11050170714355674;4,14E+09;3,20E+10;3,75E+11;3,45E+11;1,82E+11;1,97E+11;1,82E+11;5,32E+10;5,16E+10;6,76E+09;6,02E+09;5,52E+11;2,35E+10;1,73E+11;2,11E+11;2,05E+11;2,21E+10;2,43E+11;5,79E+11;5,08E+11;1,11E+11;5,90E+10;1,56E+11;2,21E+10;9,83E+09;2,46E+10;0.10608438179012464;0.0010067249769179542;0.0014751863553372953;0.0017481277827951537;0.17519877964090444;0.0007758123509866998;0.0007320630722046208;0.023678805575870158;0.06025725804836188;5,58E+09;0.0006167910960877945;0.11142916727549032;0.008114016519285259;0.00040947358680305465;0.10814280993506796;0.06502912460765438;1,84E+11;0.1252108045480079;0.02384016176418721;0.025453600756125176;0.036718425586347865;2,75E+11;0.0004867721720668966;3,05E+11;0.012296250944879964;2,26E+11
q;0.017491314624744198;3,17E+10;1,90E+11;1,59E+10;4,44E+10;2,22E+10;3,81E+10;1,59E+10;1,90E+11;4,44E+10;1,90E+11;2,54E+11;1,59E+10;2,86E+11;9,52E+09;2,86E+11;1,59E+10;1,59E+10;2,22E+10;2,86E+11;2,86E+11;9,52E+09;3,17E+10;1,27E+11;6,35E+09;1,59E+10;3,17E+10;0.0018401890952932404;0.0007392483779367672;0.00017132795025143964;0.00028554658375239936;0.0006472389231721052;0.0001459460316956708;5,39E+10;0.00028554658375239936;0.0029030569348160603;3,17E+10;0.00011421863350095975;0.00038072877833653253;0.00012373685295937308;0.000152291511334613;0.0006218570046163365;0.00011104589368148865;0.0007265574186588829;0.000364865079239177;0.0011041134571759443;0.0006821390611862874;0.9693894062217427;0.0006757935815473452;0.0002094008280850929;2,54E+11;9,20E+10;9,20E+10
r;0.22594896016835056;3,57E+10;6,09E+08;6,66E+10;3,55E+10;1,95E+10;3,28E+10;3,62E+10;3,41E+11;5,01E+10;1,26E+10;9,18E+08;5,77E+09;5,62E+11;2,03E+10;1,94E+11;4,54E+11;2,54E+10;2,82E+11;7,27E+10;6,74E+10;9,45E+09;9,18E+08;3,43E+10;2,15E+09;1,61E+11;2,19E+08;0.06970096482268207;0.0032817082093188846;0.011755029454436117;0.027343533886549927;0.22497329502721566;0.004469888671723019;0.011251130366377898;0.0016111808281272675;0.08580804880598054;8,92E+10;0.01713210046856056;0.0126493663916019;0.013606329559764537;0.020288439084531006;0.08296808197914195;0.003978366463481509;0.00017058229627509407;0.015953251470750093;0.06106615848317395;0.04623705566757434;0.015944115225080976;0.0068955228530886625;0.0023629298627989687;4,56E+10;0.033442602571244075;0.00019026036387011523
s;0.4449501811981466;9,32E+10;7,24E+09;6,70E+10;6,82E+10;2,30E+10;5,06E+10;4,24E+09;3,84E+10;0.00014146980211001773;1,75E+11;1,72E+11;4,37E+10;5,86E+10;3,81E+10;4,36E+10;4,44E+10;3,24E+09;4,46E+10;7,11E+10;0.00011461673782061622;1,63E+11;1,14E+11;6,00E+10;4,84E+08;2,56E+11;1,67E+10;0.03390603254089261;0.001322531609386012;0.014947914697639045;0.0027343187292082054;0.09561859508479037;0.0012365872491535371;0.00047145684823546806;0.04167908499602498;0.05207023844684205;4,36E+10;0.006348457369687046;0.007303123830067842;0.005912950152234679;0.005665268839744223;0.05418602704074465;0.019630099403276154;0.0008448163234028786;0.0006635763325824057;0.041092975023702925;0.13436218168703248;0.025542831237914985;0.00024964617085309455;0.0038061853522938283;2,88E+11;0.004121363188167536;4,79E+10
t;0.2727816738560884;4,73E+11;3,78E+11;3,87E+10;5,20E+10;2,13E+11;3,27E+11;2,86E+11;2,53E+11;7,16E+10;1,20E+11;8,99E+09;3,18E+10;5,38E+10;2,03E+09;2,48E+10;3,31E+10;1,94E+09;3,07E+11;6,53E+10;6,11E+10;1,04E+11;5,37E+10;5,36E+10;1,63E+10;1,29E+11;1,76E+10;0.04059620950706481;0.0010953587209400846;0.005859771352003925;0.0003806012497484012;0.09169682235412129;0.0008415126179621058;0.00035414979870032447;0.2542478343907714;0.08129285186732779;2,32E+10;8,01E+10;0.009295902670232652;0.0023637884594798902;0.0011048647111604872;0.10908795396786232;0.00039449859414670716;1,97E+11;0.0274042199157108;0.03915612948315931;0.020892771603706013;0.01689527023257025;0.00015961280861920532;0.007007025546728761;3,79E+10;0.015619142708471532;0.0005263167139693007
u;0.08250215138159953;1,58E+10;2,60E+11;2,34E+10;2,33E+10;1,23E+11;7,79E+09;2,30E+11;1,48E+11;2,50E+10;9,75E+09;3,53E+10;1,67E+10;1,61E+11;1,11E+11;3,62E+10;3,66E+10;1,10E+09;2,11E+10;3,00E+11;0.000233130246266239;3,54E+10;4,17E+09;2,66E+11;5,51E+08;4,96E+09;2,60E+10;0.024384291142867547;0.018595755220477583;0.041900521184531324;0.024168936684609465;0.033691803859438194;0.005317241578386152;0.03972723446571133;0.000948723694488318;0.023412128577465822;0.00027119874801821595;0.0015805507080702;0.08245849845087154;0.02925037378313523;0.10417610677679895;0.0016895650539963157;0.04884605640603612;0.00013874553117869284;0.14880953738669017;0.1301985233039401;0.14499199027711587;0.0005266667101885075;0.0019352012750116546;0.00012734071143894767;0.0007888202563441669;0.007449785561860017;0.001484042336893184
v;0.007141637854444102;1,05E+11;6,94E+09;1,12E+10;1,23E+11;1,93E+11;5,15E+09;4,26E+09;4,93E+10;1,03E+11;1,79E+10;2,24E+09;2,15E+10;2,51E+11;7,62E+10;4,48E+09;1,99E+11;1,57E+10;6,72E+09;1,03E+11;5,15E+09;6,94E+09;3,14E+09;5,38E+09;2,02E+10;2,91E+10;2,91E+10;0.056619657604612225;4,44E+10;0.00010416755339763197;0.0005127731822089884;0.7080396293696049;1,84E+11;0.00011088804071360822;2,91E+11;0.17153752652912369;1,05E+11;5,94E+10;0.00026657933020039147;0.00010327148842216847;0.0002076630580636663;0.04556064769368556;7,97E+10;5,15E+09;0.0008223636312316278;0.002926100177376062;0.00025381040430003663;0.0009294433957995162;0.0003866520369125006;2,58E+11;9,41E+08;0.003969119808815577;1,16E+11
w;0.14783545360351658;4,86E+10;6,40E+10;6,15E+10;5,04E+10;2,11E+11;7,08E+10;3,16E+11;3,18E+10;9,47E+09;1,88E+11;1,19E+11;2,79E+11;6,47E+10;1,95E+10;2,28E+10;6,40E+10;2,67E+09;3,87E+11;7,30E+10;7,71E+10;1,31E+11;8,81E+09;3,85E+10;4,52E+09;4,68E+11;2,67E+09;0.18167659080537657;0.0013860682177849544;0.0008815060040353386;0.00252756343510777;0.15807239847641452;0.00111437195566019;0.0002563959606740525;0.13827867667692753;0.1723130381402901;6,43E+10;0.0017881647763646506;0.005779225227507948;0.001016426844100708;0.03817575896739656;0.10622813839029933;0.0005058372388705085;1,04E+10;0.014362810252732002;0.017331300556919383;0.002173106451499609;0.0004195991761483137;6,78E+09;0.005290890606206057;1,98E+11;0.0013639291452312728;5,03E+08
x;0.2010180545214152;0.00019587630160430224;0.00013183981838751113;0.00031264871217609783;0.003164155641300267;5,52E+10;0.00016448586865489484;8,91E+10;9,29E+10;0.0001707639552447763;3,26E+11;4,90E+10;0.00011426117593584298;0.00030260377363228744;0.00015444093011108447;8,79E+10;0.0003540840836693156;1,38E+11;9,29E+10;0.00033650544121764745;0.0001845757457425156;0.00011174994129989039;4,65E+10;0.00010296062007405631;3,14E+11;4,65E+10;1,51E+11;0.07037107258598153;0.001520552572069295;0.09931179614801719;0.00047713458083099267;0.07005340140453353;0.0024245970410122285;0.0007131906366105364;0.014111883036735596;0.0750821487630286;6,78E+10;0.00012053926252572446;0.0011853027481696238;0.0016498811558208536;0.0004344435920197986;0.015294674550269267;0.19903794601096655;0.000715701871246489;0.0006868226729330342;0.0046131380262449135;0.20040029080097085;0.015780598452326093;0.0005474491506376653;0.0016875496753601424;0.004379593205101322;0.01177769044261766;8,29E+10
y;0.6526438275050678;0.00012114384651938454;0.0001867722085903207;0.00017665933096783294;0.00015559083592098344;4,64E+11;0.00013852535493303537;8,22E+08;0.00011113631137213104;0.00021089563541896336;4,80E+11;2,95E+10;0.00010671192741229265;0.00017644864601736444;7,65E+10;7,23E+10;0.00013009795691429558;1,63E+10;7,22E+10;0.0003316181120374109;0.00020868344343904415;2,05E+10;2,05E+10;0.00010955617424361733;2,84E+10;2,92E+11;4,55E+11;0.009600491822948374;0.006694092931235487;0.0034374303093687277;0.002721522847676782;0.055838359135041364;0.001337217380623537;0.0006825138970426891;0.000613935945665194;0.01890718348246843;9,18E+09;0.0002805270115488009;0.0073974646383745575;0.006300006731384167;0.004652239733770069;0.14704008186374434;0.004854918656120762;3,15E+11;0.005976499989939794;0.05079666827033028;0.010162809955748786;0.0011276911973826188;0.0009686240597789051;0.003858168155454312;4,51E+11;0.0007585711641618157;0.0004550794930119489
z;0.13954752202864412;0.00020934348613998102;0.00022626013148462594;0.0005413326510286377;0.00011841651741251451;9,73E+10;0.00020934348613998102;0.0016007375657370265;0.00011630193674443389;0.0001797393567868524;6,13E+10;4,65E+10;0.00010784361407211143;0.00018608309879109423;5,07E+10;0.00016705187277836868;0.00014802064676564314;2,33E+10;0.00013110400142099822;0.00019877058279957793;0.00019031226012725547;2,11E+11;8,46E+10;0.00020299974413573915;2,75E+11;5,50E+11;5,29E+10;0.11654722810193124;0.001856601826574781;0.0017656748578473145;0.0007464469758324576;0.31928476423482843;0.00044829110163309064;0.002010966215344666;0.0037110890724814816;0.150378404210553;7,61E+10;0.0023070075088759525;0.015548511652396771;0.002909662999278928;0.001890435117264071;0.0753382800423762;0.0009198425906150681;0.0006597491684411522;0.0010192278820148571;0.006066731936723288;0.0017931644065323625;0.008456208091654385;0.001427341950954416;0.0007633636211771025;8,04E+10;0.06118327705024455;0.07820988058962967
