; ;A;B;C;D;E;F;G;H;I;J;K;L;M;N;O;P;Q;R;S;T;U;V;W;X;Y;Z;a;b;c;d;e;f;g;h;i;j;k;l;m;n;o;p;q;r;s;t;u;v;w;x;y;z
 ;8.295175525914129e-06;0.027174995022894683;0.008726524653261663;0.02787178976707147;0.0120362996881014;0.0057983276926139755;0.010020572035304267;0.012127546618886455;0.011331209768398699;0.014599508925608866;0.0063706948039020505;0.003118985997743712;0.005366978565266441;0.02591412834295574;0.009058331674298228;0.005781737341562148;0.012525715044130335;0.00048112018050301946;0.011380980821554185;0.021949034441568784;0.02678512177317672;0.0041558829384829785;0.002704227221448006;0.01790098878492269;0.0002073793881478532;0.004056340832172009;0.0003318070210365651;0.07805760169885195;0.02958059592540978;0.027589753799190393;0.02236379321786449;0.014201340500364987;0.03206085340765811;0.018954476076713783;0.028925277058862567;0.04230539518216205;0.003940208374809211;0.010601234322118257;0.026162983608733162;0.025441303337978633;0.0151469905103192;0.04540779082885394;0.023375804632026015;0.000970535536531953;0.019634680469838742;0.04635344083880815;0.11609098148516822;0.008485964563010153;0.006777158404671843;0.047606012343221184;7.465657973322716e-05;0.02182460680868007;0.0002820359678810804
A;0.12400906002265005;0.011325028312570781;0.004341260853152133;0.014156285390713477;0.004718761796904492;0.00037750094375235937;0.004341260853152133;0.01963004907512269;0.0007550018875047187;0.01321253303133258;0.0007550018875047187;0.015288788221970554;0.014156285390713477;0.3195545488863722;0.019441298603246508;0.00018875047187617969;0.004907512268780672;0.0009437523593808985;0.010003775009437523;0.01226878067195168;0.05568138920347301;0.0007550018875047187;0.0022650056625141564;0.0009437523593808985;0.004718761796904492;0.003963759909399773;0.0007550018875047187;0.0016987542468856172;0.007361268403171008;0.017553793884484713;0.021517553793884484;0.0007550018875047187;0.016798791996979992;0.007927519818799546;0.0016987542468856172;0.003963759909399773;0.00018875047187617969;0.00018875047187617969;0.039826349565873914;0.06342015855039637;0.041336353340883356;0.00018875047187617969;0.007361268403171008;0.00018875047187617969;0.022083805209513023;0.05530388825972065;0.009248773121932804;0.010947527368818422;0.0013212533031332577;0.003775009437523594;0.00018875047187617969;0.0005662514156285391;0.0011325028312570782
B;0.020515518148342977;0.011046817464492372;0.0005260389268805891;0.017359284587059442;0.0005260389268805891;0.007890583903208837;0.0005260389268805891;0.0005260389268805891;0.0005260389268805891;0.0583903208837454;0.0005260389268805891;0.0005260389268805891;0.008416622830089426;0.0005260389268805891;0.003156233561283535;0.011572856391372961;0.07259337190952131;0.0005260389268805891;0.019989479221462388;0.03208837453971594;0.004734350341925302;0.004208311415044713;0.0005260389268805891;0.0005260389268805891;0.0005260389268805891;0.0015781167806417674;0.0005260389268805891;0.07048921620199895;0.0005260389268805891;0.0005260389268805891;0.0005260389268805891;0.15412940557601262;0.0005260389268805891;0.0005260389268805891;0.0005260389268805891;0.08206207259337191;0.0005260389268805891;0.0005260389268805891;0.04471330878485008;0.0005260389268805891;0.0005260389268805891;0.05207785376117833;0.003682272488164124;0.0005260389268805891;0.05733824302998422;0.18306154655444504;0.0005260389268805891;0.052603892688058915;0.003156233561283535;0.0005260389268805891;0.0005260389268805891;0.008416622830089426;0.0005260389268805891
C;0.11471500119246363;0.03315048891008824;0.004292869067493442;0.0019079418077748629;0.00023849272597185786;0.012878607202480324;0.0004769854519437157;0.00023849272597185786;0.006916289053183878;0.0026234199856904365;0.00023849272597185786;0.0019079418077748629;0.01001669449081803;0.00023849272597185786;0.006439303601240162;0.11781540663009778;0.0007154781779155736;0.00023849272597185786;0.002146434533746721;0.00333889816360601;0.008108752683043167;0.006200810875268304;0.00023849272597185786;0.00023849272597185786;0.00023849272597185786;0.0028619127116622945;0.00023849272597185786;0.10088242308609588;0.00023849272597185786;0.00023849272597185786;0.00023849272597185786;0.021941330789410924;0.00023849272597185786;0.00023849272597185786;0.08609587407584068;0.006916289053183878;0.00023849272597185786;0.00023849272597185786;0.042690197948962554;0.00023849272597185786;0.0009539709038874314;0.17648461721917483;0.00023849272597185786;0.00023849272597185786;0.029811590746482233;0.15931314094920104;0.00023849272597185786;0.03171953255425709;0.00023849272597185786;0.00023849272597185786;0.00023849272597185786;0.0009539709038874314;0.00023849272597185786
D;0.07392996108949416;0.0433574207893274;0.0005558643690939411;0.0005558643690939411;0.005002779321845469;0.032240133407448586;0.0005558643690939411;0.0005558643690939411;0.0016675931072818232;0.010005558643690939;0.0005558643690939411;0.0005558643690939411;0.0022234574763757642;0.011673151750972763;0.008893829905503057;0.018343524180100056;0.0044469149527515284;0.0005558643690939411;0.005558643690939411;0.005558643690939411;0.009449694274596998;0.0016675931072818232;0.0038910505836575876;0.0005558643690939411;0.0005558643690939411;0.0005558643690939411;0.0005558643690939411;0.1245136186770428;0.0005558643690939411;0.0005558643690939411;0.0005558643690939411;0.25680933852140075;0.0005558643690939411;0.0005558643690939411;0.0022234574763757642;0.0622568093385214;0.0005558643690939411;0.0005558643690939411;0.0005558643690939411;0.0005558643690939411;0.0005558643690939411;0.13896609227348528;0.0005558643690939411;0.0005558643690939411;0.14007782101167315;0.0005558643690939411;0.0005558643690939411;0.02056698165647582;0.0005558643690939411;0.0005558643690939411;0.0005558643690939411;0.0005558643690939411;0.0005558643690939411
E;0.23710265763418448;0.07764460656591975;0.0005211047420531526;0.02136529442417926;0.0297029702970297;0.016675351745700884;0.006253256904637832;0.0020844189682126106;0.0005211047420531526;0.003126628452318916;0.0005211047420531526;0.001563314226159458;0.018759770713913496;0.017196456487754037;0.024491922876498175;0.011985409067222511;0.010422094841063054;0.001563314226159458;0.11307972902553413;0.05471599791558103;0.02136529442417926;0.0005211047420531526;0.015633142261594582;0.013027618551328817;0.004689942678478374;0.0005211047420531526;0.0005211047420531526;0.016675351745700884;0.0005211047420531526;0.006774361646690985;0.03178738926524231;0.0005211047420531526;0.0010422094841063053;0.0036477331943720686;0.0005211047420531526;0.004168837936425221;0.0005211047420531526;0.0005211047420531526;0.022928608650338717;0.014069828035435123;0.06618030224075039;0.0005211047420531526;0.004168837936425221;0.0026055237102657635;0.010943199583116207;0.022407503908285567;0.0005211047420531526;0.009900990099009901;0.0286607608129234;0.0005211047420531526;0.042209484106305366;0.001563314226159458;0.0005211047420531526
F;0.18341570565623283;0.04228445908841296;0.033498077979132346;0.007138934651290499;0.0005491488193300384;0.015376166941241077;0.001098297638660077;0.001098297638660077;0.0005491488193300384;0.022515101592531575;0.0005491488193300384;0.003844041735310269;0.021965952773201538;0.0005491488193300384;0.001098297638660077;0.017023613399231193;0.001098297638660077;0.0005491488193300384;0.007138934651290499;0.0016474464579901153;0.010982976386600769;0.0032948929159802307;0.0005491488193300384;0.0005491488193300384;0.0005491488193300384;0.002196595277320154;0.0005491488193300384;0.185612300933553;0.0005491488193300384;0.0005491488193300384;0.0005491488193300384;0.06040637012630423;0.0005491488193300384;0.002196595277320154;0.0005491488193300384;0.07742998352553541;0.0005491488193300384;0.0005491488193300384;0.053816584294343765;0.0005491488193300384;0.0005491488193300384;0.10049423393739704;0.0005491488193300384;0.0005491488193300384;0.08072487644151564;0.0005491488193300384;0.0005491488193300384;0.047775947281713346;0.0005491488193300384;0.0005491488193300384;0.0005491488193300384;0.0005491488193300384;0.0005491488193300384
G;0.427958833619211;0.03516295025728988;0.0002858776443682104;0.008004574042309892;0.007718696397941681;0.008004574042309892;0.007718696397941681;0.02029731275014294;0.002858776443682104;0.006289308176100629;0.0002858776443682104;0.0002858776443682104;0.022584333905088624;0.002572898799313894;0.0011435105774728416;0.011149228130360206;0.017438536306460833;0.0002858776443682104;0.030874785591766724;0.0008576329331046312;0.11063464837049743;0.0002858776443682104;0.0002858776443682104;0.0002858776443682104;0.0002858776443682104;0.0002858776443682104;0.0002858776443682104;0.010005717552887363;0.0002858776443682104;0.0002858776443682104;0.0002858776443682104;0.04488279016580903;0.024585477415666093;0.0002858776443682104;0.0005717552887364208;0.009148084619782733;0.0002858776443682104;0.0002858776443682104;0.015151515151515152;0.0008576329331046312;0.0002858776443682104;0.06060606060606061;0.0002858776443682104;0.0002858776443682104;0.09605488850771869;0.0011435105774728416;0.0002858776443682104;0.008576329331046312;0.0002858776443682104;0.0002858776443682104;0.0002858776443682104;0.0002858776443682104;0.0002858776443682104
H;0.046751669702489375;0.03946569520340012;0.0006071645415907711;0.004857316332726169;0.004857316332726169;0.037037037037037035;0.0006071645415907711;0.0006071645415907711;0.0012143290831815423;0.018214936247723135;0.0006071645415907711;0.0006071645415907711;0.0012143290831815423;0.0006071645415907711;0.0006071645415907711;0.01700060716454159;0.0012143290831815423;0.0030358227079538553;0.006071645415907711;0.0030358227079538553;0.004250151791135397;0.004857316332726169;0.0006071645415907711;0.0006071645415907711;0.0006071645415907711;0.0018214936247723133;0.0006071645415907711;0.21129326047358835;0.0006071645415907711;0.0006071645415907711;0.0006071645415907711;0.21736490588949606;0.0006071645415907711;0.0006071645415907711;0.0006071645415907711;0.11718275652701882;0.0006071645415907711;0.0006071645415907711;0.0006071645415907711;0.0018214936247723133;0.0006071645415907711;0.17729204614450517;0.0006071645415907711;0.0006071645415907711;0.0006071645415907711;0.0006071645415907711;0.0006071645415907711;0.0588949605343048;0.0006071645415907711;0.0006071645415907711;0.0006071645415907711;0.0030358227079538553;0.0006071645415907711
I;0.3344286235852501;0.03066812705366922;0.001095290251916758;0.08835341365461848;0.007667031763417305;0.0065717415115005475;0.012048192771084338;0.009127418765972983;0.0003650967506389193;0.0014603870025556773;0.0003650967506389193;0.001095290251916758;0.02628696604600219;0.006206644760861628;0.060240963855421686;0.0208105147864184;0.0029207740051113546;0.0003650967506389193;0.01058780576852866;0.03139832055494706;0.016794450529390288;0.0014603870025556773;0.009857612267250822;0.0003650967506389193;0.0003650967506389193;0.0003650967506389193;0.0007301935012778386;0.002190580503833516;0.0003650967506389193;0.002190580503833516;0.0007301935012778386;0.0003650967506389193;0.03468419131069733;0.00511135450894487;0.0003650967506389193;0.0003650967506389193;0.0003650967506389193;0.0003650967506389193;0.0032858707557502738;0.011683096020445418;0.08616283315078496;0.0018254837531945967;0.0003650967506389193;0.0003650967506389193;0.019715224534501644;0.027382256297918947;0.11464037970062066;0.0003650967506389193;0.0036509675063891934;0.0003650967506389193;0.0003650967506389193;0.0003650967506389193;0.0003650967506389193
J;0.04518430439952437;0.0011890606420927466;0.0011890606420927466;0.0011890606420927466;0.0011890606420927466;0.0011890606420927466;0.007134363852556481;0.0011890606420927466;0.0011890606420927466;0.005945303210463734;0.0011890606420927466;0.0011890606420927466;0.0011890606420927466;0.0011890606420927466;0.0011890606420927466;0.06539833531510107;0.0011890606420927466;0.0011890606420927466;0.0011890606420927466;0.0011890606420927466;0.0011890606420927466;0.0011890606420927466;0.0011890606420927466;0.0011890606420927466;0.0011890606420927466;0.0011890606420927466;0.0011890606420927466;0.1545778834720571;0.0011890606420927466;0.0011890606420927466;0.0011890606420927466;0.08442330558858502;0.0011890606420927466;0.0011890606420927466;0.0011890606420927466;0.023781212841854936;0.0011890606420927466;0.0011890606420927466;0.0011890606420927466;0.0011890606420927466;0.0011890606420927466;0.32461355529131986;0.0011890606420927466;0.0011890606420927466;0.0047562425683709865;0.0011890606420927466;0.0011890606420927466;0.23305588585017836;0.0011890606420927466;0.0011890606420927466;0.0011890606420927466;0.0011890606420927466;0.0011890606420927466
K;0.16694772344013492;0.008431703204047217;0.0016863406408094434;0.0016863406408094434;0.0016863406408094434;0.10792580101180438;0.00505902192242833;0.0016863406408094434;0.0016863406408094434;0.03709949409780776;0.0016863406408094434;0.00505902192242833;0.00505902192242833;0.0016863406408094434;0.0016863406408094434;0.003372681281618887;0.0016863406408094434;0.0016863406408094434;0.0016863406408094434;0.01011804384485666;0.0016863406408094434;0.0016863406408094434;0.0016863406408094434;0.0016863406408094434;0.0016863406408094434;0.003372681281618887;0.0016863406408094434;0.07925801011804384;0.0016863406408094434;0.0016863406408094434;0.0016863406408094434;0.15177065767284992;0.0016863406408094434;0.0016863406408094434;0.008431703204047217;0.08600337268128162;0.0016863406408094434;0.0016863406408094434;0.003372681281618887;0.0016863406408094434;0.02023608768971332;0.2175379426644182;0.0016863406408094434;0.0016863406408094434;0.01011804384485666;0.0016863406408094434;0.0016863406408094434;0.011804384485666104;0.0016863406408094434;0.0016863406408094434;0.0016863406408094434;0.003372681281618887;0.0016863406408094434
L;0.11507293354943274;0.04538087520259319;0.0008103727714748784;0.04862236628849271;0.008103727714748784;0.06158833063209076;0.0008103727714748784;0.0008103727714748784;0.0008103727714748784;0.03889789303079417;0.0008103727714748784;0.006482982171799027;0.04862236628849271;0.0016207455429497568;0.0008103727714748784;0.019448946515397084;0.0016207455429497568;0.0008103727714748784;0.0008103727714748784;0.023500810372771474;0.008914100486223663;0.009724473257698542;0.0008103727714748784;0.0016207455429497568;0.0008103727714748784;0.041329011345218804;0.0008103727714748784;0.10372771474878444;0.0008103727714748784;0.0008103727714748784;0.0016207455429497568;0.12317666126418152;0.0008103727714748784;0.0008103727714748784;0.0008103727714748784;0.07374392220421394;0.0008103727714748784;0.0008103727714748784;0.004862236628849271;0.0008103727714748784;0.0008103727714748784;0.14181523500810372;0.0008103727714748784;0.0008103727714748784;0.0008103727714748784;0.0008103727714748784;0.0024311183144246355;0.03646677471636953;0.0008103727714748784;0.0008103727714748784;0.0008103727714748784;0.008914100486223663;0.0008103727714748784
M;0.027386541471048513;0.05457746478873239;0.10974178403755869;0.0017605633802816902;0.0005868544600938967;0.02190923317683881;0.0003912363067292645;0.2742566510172144;0.00019561815336463224;0.012715179968701095;0.0003912363067292645;0.00019561815336463224;0.0003912363067292645;0.0013693270735524257;0.0005868544600938967;0.0037167449139280124;0.003129890453834116;0.00019561815336463224;0.00019561815336463224;0.006259780907668232;0.0005868544600938967;0.0019561815336463224;0.0021517996870109544;0.00019561815336463224;0.00019561815336463224;0.0003912363067292645;0.00019561815336463224;0.12030516431924883;0.00019561815336463224;0.010367762128325509;0.00019561815336463224;0.21322378716744914;0.00019561815336463224;0.00019561815336463224;0.00019561815336463224;0.053208137715179966;0.00019561815336463224;0.00019561815336463224;0.00019561815336463224;0.0003912363067292645;0.00019561815336463224;0.044796557120500784;0.00019561815336463224;0.00019561815336463224;0.002543035993740219;0.000782472613458529;0.00019561815336463224;0.009389671361502348;0.00019561815336463224;0.00019561815336463224;0.00019561815336463224;0.016236306729264474;0.00019561815336463224
N;0.12329514457174032;0.03382433169667212;0.025095471903982543;0.02127659574468085;0.02182214948172395;0.05673758865248227;0.014729950900163666;0.045280960174577195;0.002182214948172395;0.011456628477905073;0.0016366612111292963;0.016366612111292964;0.0005455537370430987;0.0005455537370430987;0.019094380796508457;0.027277686852154936;0.002727768685215494;0.0005455537370430987;0.0010911074740861974;0.015275504637206765;0.02236770321876705;0.0005455537370430987;0.0005455537370430987;0.0005455537370430987;0.0005455537370430987;0.01800327332242226;0.0005455537370430987;0.07528641571194762;0.0005455537370430987;0.0005455537370430987;0.0005455537370430987;0.16421167484997273;0.0005455537370430987;0.0005455537370430987;0.0005455537370430987;0.03491543917075832;0.0005455537370430987;0.0010911074740861974;0.0005455537370430987;0.0010911074740861974;0.0005455537370430987;0.20840152755046373;0.0005455537370430987;0.0005455537370430987;0.0005455537370430987;0.0005455537370430987;0.0005455537370430987;0.020731042007637753;0.0005455537370430987;0.0005455537370430987;0.0005455537370430987;0.0005455537370430987;0.0005455537370430987
O;0.2791052364006101;0.005592272496187087;0.028978139298423997;0.004575495678698526;0.010676156583629894;0.0066090493136756485;0.0066090493136756485;0.002541942043721403;0.0005083884087442806;0.002541942043721403;0.0035587188612099642;0.00813421453990849;0.011184544992374174;0.026944585663446874;0.07574987290289781;0.02491103202846975;0.0157600406710727;0.0005083884087442806;0.043213014743263854;0.00813421453990849;0.028978139298423997;0.044738179969496694;0.006100660904931368;0.021860701576004067;0.002541942043721403;0.002541942043721403;0.0005083884087442806;0.0010167768174885613;0.07371631926792069;0.00864260294865277;0.0005083884087442806;0.0005083884087442806;0.03660396542958821;0.0005083884087442806;0.014234875444839857;0.0005083884087442806;0.0005083884087442806;0.0020335536349771225;0.009150991357397052;0.0035587188612099642;0.057956278596847995;0.0035587188612099642;0.020843924758515507;0.0005083884087442806;0.017793594306049824;0.005083884087442806;0.003050330452465684;0.05287239450940519;0.00813421453990849;0.004067107269954245;0.0005083884087442806;0.0005083884087442806;0.0005083884087442806
P;0.1116870876531574;0.0051837888784165885;0.000942507068803016;0.000471253534401508;0.000942507068803016;0.020735155513666354;0.000471253534401508;0.000471253534401508;0.001413760603204524;0.006126295947219604;0.000471253534401508;0.000471253534401508;0.0051837888784165885;0.006126295947219604;0.000942507068803016;0.01649387370405278;0.0117813383600377;0.000471253534401508;0.01649387370405278;0.00235626767200754;0.001885014137606032;0.000942507068803016;0.000471253534401508;0.000471253534401508;0.000471253534401508;0.008011310084825637;0.000471253534401508;0.08623939679547597;0.000471253534401508;0.000471253534401508;0.000471253534401508;0.18897266729500473;0.000471253534401508;0.000471253534401508;0.09566446748350613;0.011310084825636193;0.000471253534401508;0.000471253534401508;0.056079170593779454;0.000471253534401508;0.000471253534401508;0.0527803958529689;0.000471253534401508;0.000471253534401508;0.24646559849198868;0.000942507068803016;0.000471253534401508;0.03157398680490104;0.000471253534401508;0.000471253534401508;0.000471253534401508;0.000471253534401508;0.000471253534401508
Q;0.19672131147540983;0.00819672131147541;0.00819672131147541;0.00819672131147541;0.00819672131147541;0.00819672131147541;0.01639344262295082;0.00819672131147541;0.00819672131147541;0.00819672131147541;0.00819672131147541;0.00819672131147541;0.00819672131147541;0.00819672131147541;0.00819672131147541;0.00819672131147541;0.00819672131147541;0.00819672131147541;0.00819672131147541;0.00819672131147541;0.00819672131147541;0.00819672131147541;0.00819672131147541;0.00819672131147541;0.00819672131147541;0.00819672131147541;0.00819672131147541;0.02459016393442623;0.00819672131147541;0.00819672131147541;0.00819672131147541;0.00819672131147541;0.00819672131147541;0.00819672131147541;0.00819672131147541;0.00819672131147541;0.00819672131147541;0.00819672131147541;0.00819672131147541;0.00819672131147541;0.00819672131147541;0.00819672131147541;0.00819672131147541;0.00819672131147541;0.00819672131147541;0.00819672131147541;0.00819672131147541;0.36065573770491804;0.00819672131147541;0.00819672131147541;0.00819672131147541;0.00819672131147541;0.00819672131147541
R;0.10773026315789473;0.018914473684210526;0.00041118421052631577;0.001644736842105263;0.005756578947368421;0.07606907894736842;0.11800986842105263;0.007401315789473684;0.00041118421052631577;0.05057565789473684;0.00041118421052631577;0.003700657894736842;0.001644736842105263;0.003700657894736842;0.003289473684210526;0.036595394736842105;0.00041118421052631577;0.00041118421052631577;0.004111842105263158;0.019325657894736843;0.005756578947368421;0.009457236842105263;0.0012335526315789473;0.0008223684210526315;0.00041118421052631577;0.009457236842105263;0.00041118421052631577;0.07360197368421052;0.00041118421052631577;0.00041118421052631577;0.00041118421052631577;0.2080592105263158;0.0008223684210526315;0.00041118421052631577;0.002055921052631579;0.05263157894736842;0.00041118421052631577;0.00041118421052631577;0.00041118421052631577;0.00041118421052631577;0.00041118421052631577;0.09827302631578948;0.00041118421052631577;0.00041118421052631577;0.00041118421052631577;0.00041118421052631577;0.00041118421052631577;0.06620065789473684;0.00041118421052631577;0.00041118421052631577;0.0008223684210526315;0.0024671052631578946;0.00041118421052631577
S;0.2235127478753541;0.0226628895184136;0.0005665722379603399;0.006798866855524079;0.0011331444759206798;0.01189801699716714;0.0005665722379603399;0.00198300283286119;0.004815864022662889;0.014447592067988669;0.00198300283286119;0.00028328611898016995;0.013031161473087818;0.00424929178470255;0.0011331444759206798;0.0036827195467422098;0.009065155807365438;0.00028328611898016995;0.0008498583569405099;0.025212464589235126;0.029461756373937678;0.009065155807365438;0.0008498583569405099;0.0016997167138810198;0.00028328611898016995;0.00028328611898016995;0.00028328611898016995;0.05127478753541077;0.00028328611898016995;0.026062322946175637;0.00028328611898016995;0.1113314447592068;0.00028328611898016995;0.0005665722379603399;0.03994334277620397;0.024645892351274786;0.00028328611898016995;0.0008498583569405099;0.0050991501416430595;0.0036827195467422098;0.00141643059490085;0.08271954674220963;0.041359773371104816;0.0031161473087818695;0.00028328611898016995;0.00028328611898016995;0.13682719546742209;0.050708215297450426;0.00028328611898016995;0.018980169971671387;0.00028328611898016995;0.008781869688385268;0.00028328611898016995
T;0.1311002661934339;0.012422360248447204;0.0013309671694764862;0.0026619343389529724;0.0015527950310559005;0.011756876663708962;0.010869565217391304;0.004214729370008873;0.022182786157941437;0.04370008873114463;0.00022182786157941438;0.00022182786157941438;0.0008873114463176575;0.004214729370008873;0.00022182786157941438;0.011313220940550133;0.002883762200532387;0.00022182786157941438;0.012866015971606033;0.009760425909494233;0.0013309671694764862;0.006211180124223602;0.0008873114463176575;0.0011091393078970719;0.00044365572315882877;0.0024401064773735583;0.00022182786157941438;0.03527062999112689;0.00022182786157941438;0.00022182786157941438;0.00022182786157941438;0.0370452528837622;0.00022182786157941438;0.00022182786157941438;0.44498669032830523;0.017968056787932566;0.00022182786157941438;0.00022182786157941438;0.00022182786157941438;0.00022182786157941438;0.00022182786157941438;0.06410825199645076;0.00022182786157941438;0.00022182786157941438;0.07165039929015084;0.0006654835847382431;0.00022182786157941438;0.011978704525288377;0.00022182786157941438;0.007320319432120674;0.00022182786157941438;0.008207630878438331;0.00022182786157941438
U;0.2807017543859649;0.002506265664160401;0.0037593984962406013;0.013784461152882205;0.006265664160401002;0.011278195488721804;0.0012531328320802004;0.002506265664160401;0.0012531328320802004;0.016290726817042606;0.0012531328320802004;0.007518796992481203;0.015037593984962405;0.015037593984962405;0.06265664160401002;0.0012531328320802004;0.008771929824561403;0.0012531328320802004;0.03634085213032581;0.15789473684210525;0.042606516290726815;0.0012531328320802004;0.020050125313283207;0.0012531328320802004;0.0012531328320802004;0.0012531328320802004;0.0012531328320802004;0.0012531328320802004;0.0012531328320802004;0.0012531328320802004;0.0012531328320802004;0.0012531328320802004;0.0012531328320802004;0.0012531328320802004;0.0012531328320802004;0.0012531328320802004;0.0012531328320802004;0.008771929824561403;0.002506265664160401;0.0012531328320802004;0.21553884711779447;0.0012531328320802004;0.011278195488721804;0.0012531328320802004;0.010025062656641603;0.005012531328320802;0.007518796992481203;0.0012531328320802004;0.0012531328320802004;0.0012531328320802004;0.0012531328320802004;0.0012531328320802004;0.0012531328320802004
V;0.14285714285714285;0.050880626223091974;0.0019569471624266144;0.0019569471624266144;0.0019569471624266144;0.1780821917808219;0.0019569471624266144;0.0019569471624266144;0.0019569471624266144;0.021526418786692758;0.0019569471624266144;0.0019569471624266144;0.0019569471624266144;0.0019569471624266144;0.0019569471624266144;0.015655577299412915;0.003913894324853229;0.0019569471624266144;0.03718199608610567;0.0019569471624266144;0.0019569471624266144;0.0019569471624266144;0.0019569471624266144;0.0019569471624266144;0.0019569471624266144;0.0019569471624266144;0.0019569471624266144;0.046966731898238745;0.0019569471624266144;0.0019569471624266144;0.0019569471624266144;0.16634050880626222;0.0019569471624266144;0.0019569471624266144;0.0019569471624266144;0.19373776908023482;0.0019569471624266144;0.0019569471624266144;0.0019569471624266144;0.0019569471624266144;0.0019569471624266144;0.04500978473581213;0.0019569471624266144;0.0019569471624266144;0.0136986301369863;0.003913894324853229;0.0019569471624266144;0.003913894324853229;0.0019569471624266144;0.0019569471624266144;0.0019569471624266144;0.0019569471624266144;0.0019569471624266144
W;0.02359882005899705;0.010956595027391488;0.00042140750105351877;0.00042140750105351877;0.00042140750105351877;0.018120522545301308;0.00042140750105351877;0.00042140750105351877;0.008428150021070375;0.012220817530552043;0.00042140750105351877;0.00042140750105351877;0.00042140750105351877;0.00042140750105351877;0.00337126000842815;0.008428150021070375;0.00042140750105351877;0.00042140750105351877;0.00042140750105351877;0.010113780025284451;0.0008428150021070375;0.00042140750105351877;0.00042140750105351877;0.00042140750105351877;0.00042140750105351877;0.00042140750105351877;0.00042140750105351877;0.08596713021491782;0.00042140750105351877;0.00042140750105351877;0.00042140750105351877;0.3725242309313106;0.00042140750105351877;0.00042140750105351877;0.22292456805731142;0.12515802781289506;0.00042140750105351877;0.00042140750105351877;0.00042140750105351877;0.00042140750105351877;0.00042140750105351877;0.07753898019384745;0.00042140750105351877;0.00042140750105351877;0.0037926675094816687;0.00042140750105351877;0.00042140750105351877;0.00042140750105351877;0.00042140750105351877;0.00042140750105351877;0.00042140750105351877;0.00042140750105351877;0.00042140750105351877
X;0.3125;0.017857142857142856;0.008928571428571428;0.017857142857142856;0.008928571428571428;0.008928571428571428;0.008928571428571428;0.008928571428571428;0.008928571428571428;0.044642857142857144;0.008928571428571428;0.008928571428571428;0.008928571428571428;0.008928571428571428;0.008928571428571428;0.008928571428571428;0.017857142857142856;0.008928571428571428;0.008928571428571428;0.008928571428571428;0.017857142857142856;0.008928571428571428;0.008928571428571428;0.008928571428571428;0.008928571428571428;0.008928571428571428;0.008928571428571428;0.008928571428571428;0.008928571428571428;0.008928571428571428;0.008928571428571428;0.008928571428571428;0.008928571428571428;0.008928571428571428;0.008928571428571428;0.16071428571428573;0.008928571428571428;0.008928571428571428;0.008928571428571428;0.008928571428571428;0.008928571428571428;0.008928571428571428;0.008928571428571428;0.008928571428571428;0.008928571428571428;0.008928571428571428;0.008928571428571428;0.008928571428571428;0.008928571428571428;0.008928571428571428;0.008928571428571428;0.008928571428571428;0.008928571428571428
Y;0.18904109589041096;0.00410958904109589;0.0013698630136986301;0.0273972602739726;0.0013698630136986301;0.03972602739726028;0.0013698630136986301;0.0027397260273972603;0.0013698630136986301;0.00821917808219178;0.0013698630136986301;0.0013698630136986301;0.0013698630136986301;0.012328767123287671;0.0013698630136986301;0.057534246575342465;0.0027397260273972603;0.0013698630136986301;0.0013698630136986301;0.0027397260273972603;0.005479452054794521;0.0013698630136986301;0.0013698630136986301;0.0013698630136986301;0.0013698630136986301;0.0013698630136986301;0.0013698630136986301;0.015068493150684932;0.0013698630136986301;0.0013698630136986301;0.0013698630136986301;0.14383561643835616;0.0013698630136986301;0.0013698630136986301;0.0013698630136986301;0.0013698630136986301;0.0013698630136986301;0.0013698630136986301;0.0013698630136986301;0.0013698630136986301;0.0013698630136986301;0.4315068493150685;0.0013698630136986301;0.0013698630136986301;0.0013698630136986301;0.0013698630136986301;0.0013698630136986301;0.005479452054794521;0.0013698630136986301;0.0013698630136986301;0.0013698630136986301;0.0013698630136986301;0.0013698630136986301
Z;0.07692307692307693;0.01098901098901099;0.01098901098901099;0.01098901098901099;0.01098901098901099;0.0989010989010989;0.01098901098901099;0.01098901098901099;0.01098901098901099;0.01098901098901099;0.01098901098901099;0.01098901098901099;0.01098901098901099;0.01098901098901099;0.01098901098901099;0.01098901098901099;0.01098901098901099;0.01098901098901099;0.01098901098901099;0.01098901098901099;0.03296703296703297;0.01098901098901099;0.01098901098901099;0.01098901098901099;0.01098901098901099;0.01098901098901099;0.01098901098901099;0.0989010989010989;0.01098901098901099;0.01098901098901099;0.01098901098901099;0.0989010989010989;0.01098901098901099;0.01098901098901099;0.01098901098901099;0.02197802197802198;0.01098901098901099;0.01098901098901099;0.01098901098901099;0.01098901098901099;0.01098901098901099;0.03296703296703297;0.01098901098901099;0.01098901098901099;0.01098901098901099;0.01098901098901099;0.01098901098901099;0.04395604395604396;0.01098901098901099;0.01098901098901099;0.01098901098901099;0.01098901098901099;0.01098901098901099
a;0.08084751172325746;4.9102649087918293e-05;4.9102649087918293e-05;0.0013748741744617121;2.4551324543959147e-05;2.4551324543959147e-05;0.00027006456998355063;0.0004173725172473055;4.9102649087918293e-05;2.4551324543959147e-05;2.4551324543959147e-05;2.4551324543959147e-05;4.9102649087918293e-05;2.4551324543959147e-05;2.4551324543959147e-05;2.4551324543959147e-05;2.4551324543959147e-05;2.4551324543959147e-05;4.9102649087918293e-05;9.820529817583659e-05;0.00017185927180771401;2.4551324543959147e-05;9.820529817583659e-05;4.9102649087918293e-05;2.4551324543959147e-05;2.4551324543959147e-05;2.4551324543959147e-05;0.0008838476835825292;0.017603299698018708;0.03915936264761484;0.03609044707961995;0.0012275662271979573;0.006727062925044806;0.015418231813606345;0.002356927156220078;0.027178316270162775;0.0008592963590385701;0.01900272519702438;0.08583143060568117;0.044732513319093566;0.1817289042743856;0.0004910264908791829;0.014264319560040263;0.00017185927180771401;0.10863961110701922;0.07443961601728413;0.14153838599592447;0.009231298028528638;0.026589084481107757;0.0057941125923743585;0.005720458618742481;0.04298936927647246;0.007414500012275662
b;0.024056077744145293;0.00015931177314003505;0.00015931177314003505;0.00015931177314003505;0.00015931177314003505;0.00015931177314003505;0.0003186235462800701;0.00015931177314003505;0.00015931177314003505;0.00015931177314003505;0.00015931177314003505;0.00015931177314003505;0.00015931177314003505;0.00015931177314003505;0.00015931177314003505;0.00015931177314003505;0.00015931177314003505;0.00015931177314003505;0.00015931177314003505;0.00015931177314003505;0.00015931177314003505;0.00015931177314003505;0.00015931177314003505;0.00015931177314003505;0.00015931177314003505;0.00015931177314003505;0.00015931177314003505;0.113589294248845;0.003823482555360841;0.00015931177314003505;0.0006372470925601402;0.34156444161223515;0.0003186235462800701;0.00015931177314003505;0.0003186235462800701;0.07376135096383622;0.0020710530508204557;0.00015931177314003505;0.11725346503106579;0.0009558706388402103;0.00015931177314003505;0.09877329934682173;0.00015931177314003505;0.00015931177314003505;0.059901226700653176;0.02628644256810578;0.003186235462800701;0.07662896288035685;0.0012744941851202804;0.00015931177314003505;0.00015931177314003505;0.049864584992830974;0.00015931177314003505
c;0.02985598876009835;0.00014049877063575695;7.024938531787847e-05;0.002880224798033017;7.024938531787847e-05;0.00021074815595363542;7.024938531787847e-05;7.024938531787847e-05;7.024938531787847e-05;7.024938531787847e-05;7.024938531787847e-05;7.024938531787847e-05;0.00021074815595363542;0.0002809975412715139;7.024938531787847e-05;7.024938531787847e-05;7.024938531787847e-05;7.024938531787847e-05;7.024938531787847e-05;7.024938531787847e-05;7.024938531787847e-05;7.024938531787847e-05;7.024938531787847e-05;7.024938531787847e-05;7.024938531787847e-05;7.024938531787847e-05;7.024938531787847e-05;0.15960660344221989;0.00021074815595363542;0.012574639971900246;7.024938531787847e-05;0.20400421496311907;7.024938531787847e-05;7.024938531787847e-05;0.11155602388479101;0.07348085704250087;7.024938531787847e-05;0.06406743940990517;0.02880224798033017;7.024938531787847e-05;0.00014049877063575695;0.14436248682824027;7.024938531787847e-05;0.0002809975412715139;0.042360379346680715;0.0037934668071654375;0.08605549701440113;0.027186512118018966;7.024938531787847e-05;7.024938531787847e-05;7.024938531787847e-05;0.005690200210748156;0.00014049877063575695
d;0.46507531584062195;0.00024295432458697764;0.00018221574344023323;0.00030369290573372206;0.00030369290573372206;0.00024295432458697764;0.0005466472303206997;0.00042517006802721087;6.073858114674441e-05;6.073858114674441e-05;0.00018221574344023323;6.073858114674441e-05;6.073858114674441e-05;6.073858114674441e-05;0.00012147716229348882;0.00012147716229348882;6.073858114674441e-05;6.073858114674441e-05;0.002186588921282799;0.00018221574344023323;0.00018221574344023323;6.073858114674441e-05;0.00036443148688046647;0.0006073858114674441;6.073858114674441e-05;6.073858114674441e-05;6.073858114674441e-05;0.0727648202137998;0.0012755102040816326;0.00048590864917395527;0.007653061224489796;0.19727891156462585;0.00036443148688046647;0.0036443148688046646;0.0007288629737609329;0.07531584062196307;0.0005466472303206997;0.00018221574344023323;0.00826044703595724;0.00619533527696793;0.007653061224489796;0.05897716229348882;0.00030369290573372206;6.073858114674441e-05;0.02314139941690962;0.02411321671525753;0.0012147716229348883;0.013119533527696793;0.0035835762876579203;0.0018828960155490768;6.073858114674441e-05;0.019193391642371233;6.073858114674441e-05
e;0.34538547193292723;0.00039300451955197487;0.00031112857797864675;8.187594157332809e-05;0.00011462631820265933;1.6375188314665617e-05;3.2750376629331234e-05;0.0005240060260692998;0.00021287744809065303;0.00014737669483199056;4.912556494399686e-05;3.2750376629331234e-05;0.00016375188314665619;0.00014737669483199056;0.00037662933123730924;0.00016375188314665619;0.0004585052728106373;1.6375188314665617e-05;0.0002456278247199843;0.0002620030130346499;0.00019650225977598743;6.550075325866247e-05;1.6375188314665617e-05;0.00016375188314665619;1.6375188314665617e-05;4.912556494399686e-05;1.6375188314665617e-05;0.06496037204427851;0.0028001572018078206;0.024546407283683763;0.06255321936202267;0.032324621733149934;0.007483461059802188;0.005764066286762298;0.00224340079910919;0.007827340014410166;8.187594157332809e-05;0.0035861662409117706;0.03370013755158184;0.019650225977598742;0.06792428112923299;0.005665815156874304;0.01233051680094321;0.0006550075325866247;0.13620881640138863;0.08145018667714679;0.030899980349774023;0.0007368834741599529;0.014885046178031047;0.012346891989257876;0.008940852819807428;0.010070740813519356;0.0007041330975306216
f;0.2802127659574468;0.00010638297872340425;0.00010638297872340425;0.00010638297872340425;0.00010638297872340425;0.00010638297872340425;0.00010638297872340425;0.00010638297872340425;0.00031914893617021275;0.00010638297872340425;0.00010638297872340425;0.00010638297872340425;0.00010638297872340425;0.00010638297872340425;0.00010638297872340425;0.00010638297872340425;0.000425531914893617;0.00010638297872340425;0.0002127659574468085;0.00010638297872340425;0.000425531914893617;0.00010638297872340425;0.00010638297872340425;0.00010638297872340425;0.00010638297872340425;0.00010638297872340425;0.00010638297872340425;0.06946808510638298;0.00010638297872340425;0.000425531914893617;0.00010638297872340425;0.06882978723404255;0.04340425531914894;0.000851063829787234;0.00010638297872340425;0.09510638297872341;0.00010638297872340425;0.00010638297872340425;0.009574468085106383;0.0002127659574468085;0.00010638297872340425;0.2763829787234043;0.00010638297872340425;0.00010638297872340425;0.056914893617021275;0.0013829787234042553;0.03170212765957447;0.05457446808510638;0.00010638297872340425;0.0002127659574468085;0.00010638297872340425;0.005851063829787234;0.00010638297872340425
g;0.4351423487544484;0.0019572953736654805;0.00017793594306049823;8.896797153024912e-05;8.896797153024912e-05;8.896797153024912e-05;0.00026690391459074735;8.896797153024912e-05;8.896797153024912e-05;0.00017793594306049823;8.896797153024912e-05;8.896797153024912e-05;8.896797153024912e-05;0.00017793594306049823;0.00017793594306049823;8.896797153024912e-05;0.010854092526690392;8.896797153024912e-05;8.896797153024912e-05;8.896797153024912e-05;8.896797153024912e-05;8.896797153024912e-05;8.896797153024912e-05;8.896797153024912e-05;8.896797153024912e-05;8.896797153024912e-05;8.896797153024912e-05;0.04448398576512456;8.896797153024912e-05;8.896797153024912e-05;0.0006227758007117438;0.10845195729537367;0.00044483985765124553;0.012722419928825623;0.09217081850533808;0.03852313167259786;8.896797153024912e-05;8.896797153024912e-05;0.015569395017793594;0.0005338078291814947;0.02090747330960854;0.06494661921708185;8.896797153024912e-05;8.896797153024912e-05;0.09608540925266904;0.018594306049822065;0.007473309608540925;0.022953736654804272;8.896797153024912e-05;0.00017793594306049823;8.896797153024912e-05;0.003914590747330961;8.896797153024912e-05
h;0.12537112010796223;0.002699055330634278;4.49842555105713e-05;0.0006747638326585695;0.0002699055330634278;4.49842555105713e-05;0.0001799370220422852;0.0001799370220422852;4.49842555105713e-05;4.49842555105713e-05;4.49842555105713e-05;4.49842555105713e-05;4.49842555105713e-05;4.49842555105713e-05;0.0017094017094017094;4.49842555105713e-05;4.49842555105713e-05;4.49842555105713e-05;0.0003148897885739991;0.000449842555105713;4.49842555105713e-05;4.49842555105713e-05;4.49842555105713e-05;4.49842555105713e-05;4.49842555105713e-05;4.49842555105713e-05;4.49842555105713e-05;0.1844804318488529;0.0002249212775528565;0.0021592442645074223;0.001484480431848853;0.4054430949167791;0.0003148897885739991;4.49842555105713e-05;0.0014394961763382816;0.1136302294197031;4.49842555105713e-05;4.49842555105713e-05;0.0036437246963562753;0.0005398110661268556;0.004678362573099415;0.08533513270355375;0.0010346378767431398;4.49842555105713e-05;0.011111111111111112;0.002294197031039136;0.03252361673414305;0.008097165991902834;8.99685110211426e-05;0.0005847953216374269;0.0001799370220422852;0.007827260458839407;4.49842555105713e-05
i;0.013635558703736497;5.9028392656867956e-05;2.9514196328433978e-05;2.9514196328433978e-05;2.9514196328433978e-05;2.9514196328433978e-05;2.9514196328433978e-05;5.9028392656867956e-05;2.9514196328433978e-05;2.9514196328433978e-05;2.9514196328433978e-05;2.9514196328433978e-05;2.9514196328433978e-05;2.9514196328433978e-05;2.9514196328433978e-05;2.9514196328433978e-05;2.9514196328433978e-05;2.9514196328433978e-05;2.9514196328433978e-05;2.9514196328433978e-05;2.9514196328433978e-05;2.9514196328433978e-05;2.9514196328433978e-05;2.9514196328433978e-05;2.9514196328433978e-05;2.9514196328433978e-05;2.9514196328433978e-05;0.040139307006670205;0.007290006493123192;0.06841390708930996;0.03435452452629715;0.03093087775219881;0.01587863762469748;0.03910631013517502;0.0001475709816421699;0.0002951419632843398;0.00044271294492650965;0.011097337819491175;0.06617082816834897;0.030517679003600733;0.2815359187769317;0.061182928988843636;0.007585148456407532;0.00023611357062747182;0.024762410719556108;0.113098400330559;0.11224248863703441;0.0015642524054070009;0.031580190071424354;2.9514196328433978e-05;0.0021545363319756803;0.0003246561596127737;0.004456643645593531
j;0.00966183574879227;0.0012077294685990338;0.0012077294685990338;0.0012077294685990338;0.0012077294685990338;0.0012077294685990338;0.0012077294685990338;0.0012077294685990338;0.0012077294685990338;0.0012077294685990338;0.0012077294685990338;0.0012077294685990338;0.0012077294685990338;0.0012077294685990338;0.0012077294685990338;0.0012077294685990338;0.0012077294685990338;0.0012077294685990338;0.0012077294685990338;0.0012077294685990338;0.0012077294685990338;0.0012077294685990338;0.0012077294685990338;0.0012077294685990338;0.0012077294685990338;0.0012077294685990338;0.0012077294685990338;0.036231884057971016;0.0012077294685990338;0.0012077294685990338;0.004830917874396135;0.09541062801932366;0.0012077294685990338;0.0012077294685990338;0.0012077294685990338;0.030193236714975844;0.0012077294685990338;0.0012077294685990338;0.0012077294685990338;0.0012077294685990338;0.0012077294685990338;0.428743961352657;0.0012077294685990338;0.0012077294685990338;0.0012077294685990338;0.0036231884057971015;0.0012077294685990338;0.33695652173913043;0.0012077294685990338;0.0012077294685990338;0.0012077294685990338;0.0012077294685990338;0.0012077294685990338
k;0.2867950481430536;0.000687757909215956;0.000171939477303989;0.000171939477303989;0.000171939477303989;0.000171939477303989;0.000171939477303989;0.000171939477303989;0.000171939477303989;0.000171939477303989;0.000171939477303989;0.000171939477303989;0.000171939477303989;0.0017193947730398899;0.000171939477303989;0.000171939477303989;0.000171939477303989;0.000171939477303989;0.029917469050894086;0.000343878954607978;0.001203576341127923;0.000171939477303989;0.000171939477303989;0.0017193947730398899;0.000171939477303989;0.0005158184319119669;0.000171939477303989;0.013067400275103164;0.000687757909215956;0.000171939477303989;0.0008596973865199449;0.26066024759284734;0.002751031636863824;0.001203576341127923;0.001375515818431912;0.09834938101788171;0.000171939477303989;0.0010316368638239339;0.007565337001375516;0.14116231086657496;0.03370013755158184;0.005330123796423659;0.0005158184319119669;0.000171939477303989;0.001891334250343879;0.08923658872077028;0.001547455295735901;0.001375515818431912;0.000171939477303989;0.0010316368638239339;0.000171939477303989;0.009456671251719395;0.000171939477303989
l;0.21428229091780493;0.00014378145219266715;0.0001917086029235562;0.00014378145219266715;0.0004792715073088905;9.58543014617781e-05;4.792715073088905e-05;0.00014378145219266715;9.58543014617781e-05;4.792715073088905e-05;4.792715073088905e-05;4.792715073088905e-05;4.792715073088905e-05;4.792715073088905e-05;4.792715073088905e-05;0.00014378145219266715;0.0002875629043853343;4.792715073088905e-05;0.0002875629043853343;4.792715073088905e-05;4.792715073088905e-05;4.792715073088905e-05;4.792715073088905e-05;9.58543014617781e-05;4.792715073088905e-05;4.792715073088905e-05;4.792715073088905e-05;0.09024682482626407;0.0008626887131560029;0.023052959501557634;0.039491972202252576;0.14632159118140425;0.0066139468008626886;0.0003834172058471124;0.0004792715073088905;0.10855499640546369;4.792715073088905e-05;0.004984423676012461;0.15782410735681765;0.0028277018931224538;0.0001917086029235562;0.07141145458902469;0.006805655403786245;4.792715073088905e-05;0.00301941049604601;0.022909178049364966;0.012844476395878265;0.016966211358734724;0.003882099209202013;0.0056554037862449075;4.792715073088905e-05;0.0573208722741433;9.58543014617781e-05
m;0.1812958825406958;0.00015959144589849984;7.979572294924992e-05;7.979572294924992e-05;7.979572294924992e-05;0.0011969358442387489;7.979572294924992e-05;0.00015959144589849984;7.979572294924992e-05;7.979572294924992e-05;7.979572294924992e-05;7.979572294924992e-05;7.979572294924992e-05;7.979572294924992e-05;7.979572294924992e-05;7.979572294924992e-05;7.979572294924992e-05;7.979572294924992e-05;0.0005585700606447494;0.0003191828917969997;0.00015959144589849984;0.00015959144589849984;7.979572294924992e-05;0.00023938716884774975;7.979572294924992e-05;7.979572294924992e-05;7.979572294924992e-05;0.14698372167251836;0.02864666453878072;7.979572294924992e-05;7.979572294924992e-05;0.2357963613150335;0.0023140759655282477;7.979572294924992e-05;7.979572294924992e-05;0.08817427385892117;7.979572294924992e-05;7.979572294924992e-05;0.0007181615065432493;0.024417491222470476;0.0013565272901372486;0.09136610277689115;0.10812320459623365;7.979572294924992e-05;0.0008777529524417491;0.017315671879987234;0.0007979572294924992;0.029045643153526972;7.979572294924992e-05;7.979572294924992e-05;7.979572294924992e-05;0.03750398978614746;7.979572294924992e-05
n;0.28279034559059013;0.00020380236993041605;8.734387282732117e-05;0.00017468774565464234;0.0001455731213788686;0.00020380236993041605;0.00011645849710309488;0.005153288496811949;0.001048126473927854;0.00011645849710309488;2.911462427577372e-05;2.911462427577372e-05;5.822924855154744e-05;2.911462427577372e-05;2.911462427577372e-05;2.911462427577372e-05;8.734387282732117e-05;2.911462427577372e-05;0.00011645849710309488;0.00020380236993041605;0.0004367193641366058;2.911462427577372e-05;2.911462427577372e-05;0.0001455731213788686;2.911462427577372e-05;5.822924855154744e-05;2.911462427577372e-05;0.031793169709144906;0.0008152094797216642;0.034413485893964535;0.11951553265205113;0.07299036305936472;0.008938189652662533;0.15736454421055696;0.0003784901155850584;0.03953765976650071;0.004192505895711416;0.021952426703933384;0.004833027629778438;0.0016013043351675547;0.016886482079948757;0.044545375141933796;0.0006405217340670219;0.0006405217340670219;0.0006696363583427956;0.041954173581389934;0.07907531953300143;0.005997612600809387;0.003027920924680467;0.000524063236963927;0.00017468774565464234;0.01432439514368067;0.001775992080822197
o;0.13678848721626033;9.890707680134513e-05;2.4726769200336282e-05;7.418030760100886e-05;7.418030760100886e-05;2.4726769200336282e-05;2.4726769200336282e-05;9.890707680134513e-05;2.4726769200336282e-05;0.00012363384600168142;2.4726769200336282e-05;9.890707680134513e-05;2.4726769200336282e-05;4.9453538400672565e-05;9.890707680134513e-05;2.4726769200336282e-05;9.890707680134513e-05;2.4726769200336282e-05;0.00024726769200336283;0.00012363384600168142;0.00019781415360269026;2.4726769200336282e-05;2.4726769200336282e-05;4.9453538400672565e-05;2.4726769200336282e-05;2.4726769200336282e-05;2.4726769200336282e-05;0.006577320607289452;0.008308194451312992;0.022377726126304336;0.020325404282676426;0.004475545225260867;0.05808318085158993;0.005884971069680035;0.0035853815340487613;0.010484150140942585;0.0019039612284258939;0.012561198753770833;0.025048217199940655;0.04754957717224667;0.15221799119727017;0.032490974729241874;0.02455368181593393;2.4726769200336282e-05;0.14675337520399584;0.020671579051481134;0.04213441471737303;0.15543247119331388;0.015726225211413876;0.037609415953711485;0.0006181692300084071;0.005959151377281044;9.890707680134513e-05
p;0.19474288098466674;0.0003129237509126943;0.00010430791697089809;0.00010430791697089809;0.00010430791697089809;0.00010430791697089809;0.00010430791697089809;0.00010430791697089809;0.00010430791697089809;0.00010430791697089809;0.00010430791697089809;0.00010430791697089809;0.00010430791697089809;0.00010430791697089809;0.00010430791697089809;0.00041723166788359235;0.00010430791697089809;0.00010430791697089809;0.001147387086679879;0.00010430791697089809;0.00010430791697089809;0.00010430791697089809;0.00010430791697089809;0.00010430791697089809;0.00010430791697089809;0.00010430791697089809;0.00010430791697089809;0.09033065609679775;0.00010430791697089809;0.0005215395848544905;0.005006780014603108;0.16501512464796078;0.0006258475018253885;0.00010430791697089809;0.022530510065713986;0.05017210806300198;0.00010430791697089809;0.0003129237509126943;0.09731928653384792;0.006049859184312089;0.00010430791697089809;0.1093146969855012;0.06122874726191718;0.00010430791697089809;0.10253468238239283;0.0109523312819443;0.024199436737248357;0.035256075936163554;0.00010430791697089809;0.0003129237509126943;0.00010430791697089809;0.018462501303848963;0.00010430791697089809
q;0.021052631578947368;0.0035087719298245615;0.0035087719298245615;0.0035087719298245615;0.0035087719298245615;0.0035087719298245615;0.0035087719298245615;0.0035087719298245615;0.0035087719298245615;0.0035087719298245615;0.0035087719298245615;0.0035087719298245615;0.0035087719298245615;0.0035087719298245615;0.0035087719298245615;0.0035087719298245615;0.0035087719298245615;0.0035087719298245615;0.0035087719298245615;0.0035087719298245615;0.0035087719298245615;0.0035087719298245615;0.0035087719298245615;0.0035087719298245615;0.0035087719298245615;0.0035087719298245615;0.0035087719298245615;0.007017543859649123;0.0035087719298245615;0.0035087719298245615;0.0035087719298245615;0.0035087719298245615;0.0035087719298245615;0.0035087719298245615;0.0035087719298245615;0.0035087719298245615;0.0035087719298245615;0.0035087719298245615;0.0035087719298245615;0.0035087719298245615;0.0035087719298245615;0.0035087719298245615;0.0035087719298245615;0.0035087719298245615;0.0035087719298245615;0.0035087719298245615;0.007017543859649123;0.7929824561403509;0.0035087719298245615;0.0035087719298245615;0.0035087719298245615;0.0035087719298245615;0.0035087719298245615
r;0.23918559871033226;0.0005075081350568708;8.956025912768307e-05;0.0005075081350568708;8.956025912768307e-05;2.9853419709227693e-05;0.00023882735767382155;8.956025912768307e-05;2.9853419709227693e-05;2.9853419709227693e-05;2.9853419709227693e-05;2.9853419709227693e-05;2.9853419709227693e-05;2.9853419709227693e-05;0.00023882735767382155;0.00026868077738304925;0.00014926709854613847;2.9853419709227693e-05;0.0003582410365107323;8.956025912768307e-05;0.0004179478759291877;2.9853419709227693e-05;0.00011941367883691077;5.9706839418455386e-05;2.9853419709227693e-05;2.9853419709227693e-05;2.9853419709227693e-05;0.064901334447861;0.0037615308833626893;0.030360927844284562;0.022718452398722274;0.2172134818043407;0.015225244051706123;0.0077618891243992;0.0009553094306952862;0.0945457802191241;8.956025912768307e-05;0.014180374361883154;0.008478371197420665;0.020270471982565604;0.015314804310833806;0.06260262113025047;0.0017314983431352062;0.00011941367883691077;0.017912051825536617;0.049108875421679556;0.03997372899065588;0.018300146281756576;0.005702003164462489;0.0034331432665611846;2.9853419709227693e-05;0.04230229572797564;0.00023882735767382155
s;0.4417163760999242;0.009689219918926935;6.591306067297235e-05;0.00023069571235540323;0.0005273044853837788;3.2956530336486173e-05;3.2956530336486173e-05;3.2956530336486173e-05;3.2956530336486173e-05;9.886959100945853e-05;3.2956530336486173e-05;3.2956530336486173e-05;0.00016478265168243087;0.0001318261213459447;0.00016478265168243087;0.0003625218337013479;6.591306067297235e-05;3.2956530336486173e-05;0.00016478265168243087;0.0002966087730283756;0.00023069571235540323;3.2956530336486173e-05;6.591306067297235e-05;0.00112052203144053;3.2956530336486173e-05;3.2956530336486173e-05;3.2956530336486173e-05;0.017631743730020105;0.000758000197739182;0.009260785024552616;0.003032000790956728;0.07543749794021685;0.0008568697887486405;0.0009886959100945851;0.03318722604884158;0.05569653626866163;3.2956530336486173e-05;0.011402959496424217;0.005009392611145898;0.005141218732491844;0.02653000692087137;0.04775401245756847;0.02428896285799031;0.00046139142471080647;0.0014171308044689055;0.052730448538377876;0.1418119500379;0.02376165837260653;0.00032956530336486175;0.0031967834426391587;3.2956530336486173e-05;0.0036911313976864518;9.886959100945853e-05
t;0.27269025319184614;0.002275612618870817;2.3953817040745443e-05;9.581526816298177e-05;4.7907634081490887e-05;4.7907634081490887e-05;0.001030014132752054;0.00014372290224447265;2.3953817040745443e-05;0.00011976908520372721;2.3953817040745443e-05;9.581526816298177e-05;7.186145112223632e-05;0.00011976908520372721;2.3953817040745443e-05;0.0007665221453038542;4.7907634081490887e-05;2.3953817040745443e-05;7.186145112223632e-05;9.581526816298177e-05;0.00035930725561118164;0.0001676767192852181;2.3953817040745443e-05;2.3953817040745443e-05;2.3953817040745443e-05;2.3953817040745443e-05;2.3953817040745443e-05;0.05013533906628021;0.0003832610726519271;0.0073777756485495965;0.000598845426018636;0.08896447648932858;0.0004551225237741634;0.000215584353366709;0.2421012288308142;0.08898843030636933;2.3953817040745443e-05;4.7907634081490887e-05;0.004934486310393562;0.001724674826933672;0.001245598486118763;0.12496706350156897;0.00023953817040745442;2.3953817040745443e-05;0.032289745370924855;0.02555872278247539;0.016480226124032864;0.017007210098929266;2.3953817040745443e-05;0.003952379811722998;2.3953817040745443e-05;0.012479938678228376;0.0012695523031595085
u;0.11895373291272344;6.572029442691903e-05;6.572029442691903e-05;6.572029442691903e-05;0.0003286014721345952;6.572029442691903e-05;6.572029442691903e-05;0.0005257623554153522;6.572029442691903e-05;6.572029442691903e-05;6.572029442691903e-05;6.572029442691903e-05;6.572029442691903e-05;6.572029442691903e-05;6.572029442691903e-05;6.572029442691903e-05;0.00013144058885383806;6.572029442691903e-05;6.572029442691903e-05;0.00013144058885383806;0.0002628811777076761;6.572029442691903e-05;6.572029442691903e-05;6.572029442691903e-05;6.572029442691903e-05;6.572029442691903e-05;6.572029442691903e-05;0.016430073606729757;0.02116193480546793;0.03844637223974763;0.01426130389064143;0.03430599369085174;0.0033517350157728706;0.025039432176656152;0.00046004206098843324;0.01426130389064143;0.0001971608832807571;0.0009858044164037854;0.07886435331230283;0.03995793901156677;0.09733175604626709;0.00046004206098843324;0.05165615141955836;6.572029442691903e-05;0.20379863301787593;0.12795741324921137;0.10193217665615142;0.0005914826498422713;0.0001971608832807571;6.572029442691903e-05;0.0010515247108307045;0.004797581493165089;0.0006572029442691904
v;0.009589041095890411;0.00019569471624266145;0.00019569471624266145;0.00019569471624266145;0.00019569471624266145;0.00019569471624266145;0.00019569471624266145;0.00019569471624266145;0.00019569471624266145;0.00019569471624266145;0.00019569471624266145;0.00019569471624266145;0.00019569471624266145;0.00019569471624266145;0.00019569471624266145;0.00019569471624266145;0.00019569471624266145;0.00019569471624266145;0.00019569471624266145;0.00019569471624266145;0.00019569471624266145;0.00019569471624266145;0.00019569471624266145;0.00019569471624266145;0.00019569471624266145;0.00019569471624266145;0.00019569471624266145;0.06340508806262231;0.00019569471624266145;0.00019569471624266145;0.00019569471624266145;0.6806262230919765;0.00019569471624266145;0.00019569471624266145;0.00019569471624266145;0.18825831702544032;0.00019569471624266145;0.00019569471624266145;0.0003913894324853229;0.00019569471624266145;0.00019569471624266145;0.041487279843444226;0.00019569471624266145;0.00019569471624266145;0.0005870841487279843;0.0029354207436399216;0.0003913894324853229;0.0003913894324853229;0.00019569471624266145;0.00019569471624266145;0.00019569471624266145;0.0037181996086105675;0.00019569471624266145
w;0.16007553876916242;0.00011108642523883582;0.00011108642523883582;0.00011108642523883582;0.00011108642523883582;0.00011108642523883582;0.00011108642523883582;0.00011108642523883582;0.00011108642523883582;0.00011108642523883582;0.00011108642523883582;0.00011108642523883582;0.00011108642523883582;0.00011108642523883582;0.00011108642523883582;0.00011108642523883582;0.00011108642523883582;0.00011108642523883582;0.00011108642523883582;0.00011108642523883582;0.00011108642523883582;0.00011108642523883582;0.00011108642523883582;0.00011108642523883582;0.00011108642523883582;0.00044434570095534326;0.00011108642523883582;0.15096645189957786;0.001221950677627194;0.000555432126194179;0.003554765607642746;0.1631859586758498;0.00033325927571650743;0.00011108642523883582;0.10686514107976006;0.23594756720728727;0.00011108642523883582;0.00022217285047767163;0.0028882470562097314;0.0008886914019106865;0.02410575427682737;0.09820039991113086;0.00011108642523883582;0.00011108642523883582;0.0066651855143301485;0.038102643856920686;0.0009997778271495224;0.00011108642523883582;0.00011108642523883582;0.00033325927571650743;0.00011108642523883582;0.0007776049766718507;0.00011108642523883582
x;0.2818270165208941;0.0009718172983479105;0.0009718172983479105;0.001943634596695821;0.003887269193391642;0.0009718172983479105;0.0009718172983479105;0.0009718172983479105;0.0009718172983479105;0.0009718172983479105;0.0009718172983479105;0.0009718172983479105;0.0009718172983479105;0.0009718172983479105;0.0009718172983479105;0.0009718172983479105;0.0009718172983479105;0.0009718172983479105;0.008746355685131196;0.0009718172983479105;0.0009718172983479105;0.0009718172983479105;0.0009718172983479105;0.0009718172983479105;0.0009718172983479105;0.0009718172983479105;0.0009718172983479105;0.04664723032069971;0.0009718172983479105;0.16909620991253643;0.0009718172983479105;0.057337220602526724;0.0009718172983479105;0.0009718172983479105;0.012633624878522837;0.06997084548104957;0.0009718172983479105;0.0009718172983479105;0.003887269193391642;0.0009718172983479105;0.0009718172983479105;0.0058309037900874635;0.1467444120505345;0.0009718172983479105;0.0009718172983479105;0.0009718172983479105;0.1360544217687075;0.013605442176870748;0.0009718172983479105;0.0009718172983479105;0.0009718172983479105;0.004859086491739553;0.0009718172983479105
y;0.6270186898929414;0.0011794592632915987;9.072763563781528e-05;0.0005443658138268917;9.072763563781528e-05;9.072763563781528e-05;0.0008165487207403375;0.00018145527127563056;0.00018145527127563056;0.0003629105425512611;9.072763563781528e-05;9.072763563781528e-05;0.00027218290691344586;0.0011794592632915987;9.072763563781528e-05;0.00027218290691344586;9.072763563781528e-05;0.00018145527127563056;0.0005443658138268917;0.00018145527127563056;0.0013609145345672292;9.072763563781528e-05;0.0003629105425512611;0.0005443658138268917;9.072763563781528e-05;9.072763563781528e-05;9.072763563781528e-05;0.005715841045182362;0.005443658138268917;0.0010887316276537834;0.0013609145345672292;0.049990927236436215;0.0003629105425512611;0.0008165487207403375;9.072763563781528e-05;0.018326982398838686;9.072763563781528e-05;9.072763563781528e-05;0.008346942478679006;0.005534385773906732;0.003992015968063872;0.21584104518236255;0.0023589185265831974;9.072763563781528e-05;0.003538377789874796;0.03130103429504627;0.006986027944111776;0.0003629105425512611;9.072763563781528e-05;0.0015423698058428597;9.072763563781528e-05;0.00027218290691344586;9.072763563781528e-05
z;0.1409028727770178;0.0013679890560875513;0.0013679890560875513;0.0013679890560875513;0.0013679890560875513;0.0013679890560875513;0.0013679890560875513;0.0013679890560875513;0.0013679890560875513;0.0013679890560875513;0.0013679890560875513;0.0013679890560875513;0.0013679890560875513;0.0013679890560875513;0.0013679890560875513;0.0013679890560875513;0.0013679890560875513;0.0013679890560875513;0.0013679890560875513;0.0013679890560875513;0.0013679890560875513;0.0013679890560875513;0.0013679890560875513;0.0013679890560875513;0.0013679890560875513;0.0013679890560875513;0.0013679890560875513;0.06155950752393981;0.004103967168262654;0.0013679890560875513;0.004103967168262654;0.19835841313269495;0.0013679890560875513;0.008207934336525308;0.0027359781121751026;0.35704514363885087;0.0013679890560875513;0.0013679890560875513;0.0027359781121751026;0.03146374829001368;0.0013679890560875513;0.06839945280437756;0.0013679890560875513;0.0013679890560875513;0.005471956224350205;0.0013679890560875513;0.0013679890560875513;0.02051983584131327;0.0013679890560875513;0.0013679890560875513;0.0013679890560875513;0.03419972640218878;0.008207934336525308
